text,category,sentiment,priority,cleaned_text
Why was I charged more than I expected Thank you in advance.,billing,neutral,high,why charged more than expected thank advance
I can't update my credit card information Please help me.,billing,neutral,medium,can update credit card information please help
How does the cancellation policy work I am very frustrated.,product_inquiry,positive,medium,how cancellation policy work am very frustrated
I am considering switching to a competitor I have been waiting for days.,complaint,neutral,high,am considering switching competitor waiting days
I have been waiting 10 days for a resolution This is urgent.,complaint,negative,urgent,waiting 10 days resolution urgent
I received the wrong item in my package,shipping,negative,medium,received wrong item package
Nobody is responding to my previous emails Please help me.,complaint,neutral,high,nobody responding previous emails please help
Is this service available in my country,product_inquiry,neutral,medium,service available country
How does the cancellation policy work I am very frustrated.,product_inquiry,positive,low,how cancellation policy work am very frustrated
My order has not arrived after 2 weeks I have been waiting for days.,shipping,negative,low,order not arrived after weeks waiting days
Overall great experience but the loading is a bit slow This is urgent.,feedback,positive,medium,overall great experience loading bit slow urgent
I have a suggestion for improving the checkout process,feedback,positive,low,suggestion improving checkout process
I received the wrong item in my package Thank you in advance.,shipping,negative,medium,received wrong item package thank advance
I want to exchange my item for a different size Can someone assist me?,returns,neutral,low,want exchange item different size can someone assist
Do you have a free trial available,product_inquiry,neutral,low,free trial available
Can I expedite my shipping I am very frustrated.,shipping,negative,medium,can expedite shipping am very frustrated
I am getting a server error when I try to submit Thank you in advance.,technical_support,neutral,medium,am getting server error when try submit thank advance
I am very unhappy with the service I received I am very frustrated.,complaint,negative,urgent,am very unhappy service received am very frustrated
How long will my order take to arrive Please help me.,shipping,negative,high,how long order take arrive please help
How long do refunds take to process,returns,negative,low,how long refunds take process
How long will my order take to arrive Thank you in advance.,shipping,negative,medium,how long order take arrive thank advance
Why was I charged more than I expected Thank you in advance.,billing,negative,high,why charged more than expected thank advance
I want to cancel my subscription and get a refund I am very frustrated.,billing,negative,medium,want cancel subscription get refund am very frustrated
I want to delete my account and all my data Can someone assist me?,account,neutral,low,want delete account all data can someone assist
Would love to see monthly billing as an option,feedback,positive,low,love see monthly billing as option
This is the third time I have had this problem Can someone assist me?,complaint,negative,medium,third time problem can someone assist
The feature is not working as expected I have been waiting for days.,technical_support,neutral,urgent,feature not working as expected waiting days
My package was marked delivered but I did not receive it This is urgent.,shipping,negative,high,package marked delivered not receive urgent
I forgot my password and cannot reset it,account,neutral,low,forgot password cannot reset
Can I use the product on multiple devices I am very frustrated.,product_inquiry,positive,low,can use product multiple devices am very frustrated
The customer support team was incredibly helpful I have been waiting for days.,feedback,positive,medium,customer support team incredibly helpful waiting days
My data is not syncing between devices Please help me.,technical_support,neutral,medium,data not syncing between devices please help
I received a defective product and need a replacement Can someone assist me?,returns,negative,low,received defective product need replacement can someone assist
My account was hacked and I need help This is urgent.,account,neutral,high,account hacked need help urgent
The tracking number is not updating I am very frustrated.,shipping,neutral,high,tracking number not updating am very frustrated
Please help me update my profile information I am very frustrated.,account,neutral,medium,please help update profile information am very frustrated
I was charged twice for my subscription this month I have been waiting for days.,billing,negative,urgent,charged twice subscription month waiting days
What are the specifications of your premium plan I am very frustrated.,product_inquiry,positive,low,what specifications premium plan am very frustrated
How do I initiate a return for a damaged item I have been waiting for days.,returns,neutral,medium,how initiate return damaged item waiting days
How long will my order take to arrive Thank you in advance.,shipping,negative,medium,how long order take arrive thank advance
The feature is not working as expected,technical_support,neutral,high,feature not working as expected
I am considering switching to a competitor I am very frustrated.,complaint,negative,medium,am considering switching competitor am very frustrated
The website is showing an error 500 Thank you in advance.,technical_support,neutral,medium,website showing error 500 thank advance
The feature is not working as expected I am very frustrated.,technical_support,neutral,medium,feature not working as expected am very frustrated
I think the mobile app needs a dark mode I have been waiting for days.,feedback,positive,low,think mobile app needs dark mode waiting days
I forgot my password and cannot reset it Please help me.,account,neutral,high,forgot password cannot reset please help
Can I expedite my shipping,shipping,negative,low,can expedite shipping
Can I use the product on multiple devices I have been waiting for days.,product_inquiry,positive,medium,can use product multiple devices waiting days
My return was rejected but the item was faulty I am very frustrated.,returns,negative,low,return rejected item faulty am very frustrated
How long do refunds take to process I am very frustrated.,returns,negative,low,how long refunds take process am very frustrated
I need to merge two accounts,account,neutral,high,need merge two accounts
I cannot verify my email address This is urgent.,account,neutral,low,cannot verify email address urgent
I need a refund for the duplicate charge Please help me.,billing,negative,high,need refund duplicate charge please help
Would love to see monthly billing as an option This is urgent.,feedback,neutral,low,love see monthly billing as option urgent
The customer support team was incredibly helpful Please help me.,feedback,positive,low,customer support team incredibly helpful please help
I received a defective product and need a replacement This is urgent.,returns,neutral,medium,received defective product need replacement urgent
I have a suggestion for improving the checkout process Please help me.,feedback,positive,medium,suggestion improving checkout process please help
How long do refunds take to process Can someone assist me?,returns,neutral,low,how long refunds take process can someone assist
I cannot log in to my account I have been waiting for days.,technical_support,neutral,medium,cannot log account waiting days
Thank you for resolving my issue so quickly Please help me.,feedback,positive,medium,thank resolving issue quickly please help
I am furious about how my case was handled Please help me.,complaint,negative,urgent,am furious how case handled please help
The tracking number is not updating,shipping,negative,high,tracking number not updating
The tracking number is not updating Can someone assist me?,shipping,negative,low,tracking number not updating can someone assist
The tracking number is not updating,shipping,negative,high,tracking number not updating
I was charged twice for my subscription this month,billing,negative,urgent,charged twice subscription month
What are the specifications of your premium plan This is urgent.,product_inquiry,neutral,low,what specifications premium plan urgent
My invoice shows an incorrect amount Please help me.,billing,neutral,medium,invoice shows incorrect amount please help
My account was hacked and I need help I have been waiting for days.,account,neutral,medium,account hacked need help waiting days
I love the new interface you released this week Please help me.,feedback,positive,low,love new interface released week please help
I can't update my credit card information Can someone assist me?,billing,negative,medium,can update credit card information can someone assist
Overall great experience but the loading is a bit slow I am very frustrated.,feedback,positive,low,overall great experience loading bit slow am very frustrated
Nobody is responding to my previous emails,complaint,negative,urgent,nobody responding previous emails
Your agent was extremely rude and unhelpful I have been waiting for days.,complaint,neutral,medium,agent extremely rude unhelpful waiting days
My payment was declined but money left my account Can someone assist me?,billing,negative,medium,payment declined money left account can someone assist
I want to exchange my item for a different size This is urgent.,returns,negative,medium,want exchange item different size urgent
Thank you for resolving my issue so quickly I have been waiting for days.,feedback,positive,low,thank resolving issue quickly waiting days
I am getting a server error when I try to submit I am very frustrated.,technical_support,neutral,medium,am getting server error when try submit am very frustrated
Can I use the product on multiple devices,product_inquiry,positive,medium,can use product multiple devices
I cannot upload files through the platform I am very frustrated.,technical_support,neutral,urgent,cannot upload files through platform am very frustrated
How does the cancellation policy work I am very frustrated.,product_inquiry,positive,low,how cancellation policy work am very frustrated
I need to merge two accounts Please help me.,account,neutral,high,need merge two accounts please help
I cannot verify my email address I am very frustrated.,account,neutral,medium,cannot verify email address am very frustrated
Your service has gone downhill significantly This is urgent.,complaint,negative,high,service gone downhill significantly urgent
Your platform is one of the best I have used,feedback,neutral,low,platform one best used
I want to delete my account and all my data I have been waiting for days.,account,neutral,low,want delete account all data waiting days
Overall great experience but the loading is a bit slow I am very frustrated.,feedback,positive,medium,overall great experience loading bit slow am very frustrated
I love the new interface you released this week I have been waiting for days.,feedback,positive,low,love new interface released week waiting days
The mobile app is very slow and keeps freezing This is urgent.,technical_support,neutral,medium,mobile app very slow keeps freezing urgent
Thank you for resolving my issue so quickly Thank you in advance.,feedback,positive,low,thank resolving issue quickly thank advance
How do I initiate a return for a damaged item I have been waiting for days.,returns,negative,low,how initiate return damaged item waiting days
Does this product come with a warranty Please help me.,product_inquiry,positive,low,product come warranty please help
I need to change my delivery address I have been waiting for days.,shipping,negative,high,need change delivery address waiting days
This is the third time I have had this problem Can someone assist me?,complaint,neutral,high,third time problem can someone assist
Nobody is responding to my previous emails I have been waiting for days.,complaint,negative,medium,nobody responding previous emails waiting days
The customer support team was incredibly helpful Please help me.,feedback,positive,low,customer support team incredibly helpful please help
Your platform is one of the best I have used Please help me.,feedback,positive,low,platform one best used please help
I think the mobile app needs a dark mode Can someone assist me?,feedback,neutral,low,think mobile app needs dark mode can someone assist
I was charged twice for my subscription this month This is urgent.,billing,negative,urgent,charged twice subscription month urgent
Nobody is responding to my previous emails I am very frustrated.,complaint,neutral,urgent,nobody responding previous emails am very frustrated
I need to merge two accounts Thank you in advance.,account,neutral,high,need merge two accounts thank advance
The return window was missed due to shipping delays I am very frustrated.,returns,negative,low,return window missed due shipping delays am very frustrated
I cannot verify my email address Can someone assist me?,account,neutral,high,cannot verify email address can someone assist
I am considering switching to a competitor Thank you in advance.,complaint,negative,high,am considering switching competitor thank advance
My invoice shows an incorrect amount I have been waiting for days.,billing,negative,high,invoice shows incorrect amount waiting days
How do I initiate a return for a damaged item This is urgent.,returns,negative,low,how initiate return damaged item urgent
Is this service available in my country I have been waiting for days.,product_inquiry,positive,low,service available country waiting days
The website is showing an error 500 I am very frustrated.,technical_support,neutral,urgent,website showing error 500 am very frustrated
I am considering switching to a competitor I am very frustrated.,complaint,negative,medium,am considering switching competitor am very frustrated
Would love to see monthly billing as an option I have been waiting for days.,feedback,neutral,low,love see monthly billing as option waiting days
How long do refunds take to process I am very frustrated.,returns,negative,low,how long refunds take process am very frustrated
I am getting a server error when I try to submit,technical_support,neutral,medium,am getting server error when try submit
The return window was missed due to shipping delays Can someone assist me?,returns,negative,low,return window missed due shipping delays can someone assist
Does this product come with a warranty Thank you in advance.,product_inquiry,positive,medium,product come warranty thank advance
I have not received my refund after 2 weeks I am very frustrated.,returns,neutral,low,not received refund after weeks am very frustrated
The mobile app is very slow and keeps freezing This is urgent.,technical_support,neutral,high,mobile app very slow keeps freezing urgent
Would love to see monthly billing as an option Can someone assist me?,feedback,positive,medium,love see monthly billing as option can someone assist
What is the difference between plan A and plan B,product_inquiry,positive,low,what difference between plan plan
I cannot log in to my account,technical_support,neutral,high,cannot log account
My package was marked delivered but I did not receive it Thank you in advance.,shipping,neutral,medium,package marked delivered not receive thank advance
Would love to see monthly billing as an option I have been waiting for days.,feedback,positive,low,love see monthly billing as option waiting days
I cannot upload files through the platform I am very frustrated.,technical_support,neutral,medium,cannot upload files through platform am very frustrated
Does this product come with a warranty I have been waiting for days.,product_inquiry,positive,low,product come warranty waiting days
Would love to see monthly billing as an option Please help me.,feedback,positive,medium,love see monthly billing as option please help
What features are included in the enterprise tier I am very frustrated.,product_inquiry,positive,medium,what features included enterprise tier am very frustrated
This is the third time I have had this problem I have been waiting for days.,complaint,negative,medium,third time problem waiting days
The customer support team was incredibly helpful,feedback,positive,medium,customer support team incredibly helpful
Can I use the product on multiple devices,product_inquiry,positive,medium,can use product multiple devices
Thank you for resolving my issue so quickly This is urgent.,feedback,positive,medium,thank resolving issue quickly urgent
My data is not syncing between devices Thank you in advance.,technical_support,neutral,urgent,data not syncing between devices thank advance
I am furious about how my case was handled This is urgent.,complaint,neutral,medium,am furious how case handled urgent
Overall great experience but the loading is a bit slow,feedback,positive,low,overall great experience loading bit slow
I can't update my credit card information I have been waiting for days.,billing,negative,medium,can update credit card information waiting days
How does the cancellation policy work I have been waiting for days.,product_inquiry,positive,low,how cancellation policy work waiting days
I want to delete my account and all my data,account,neutral,low,want delete account all data
How does the cancellation policy work I have been waiting for days.,product_inquiry,neutral,low,how cancellation policy work waiting days
My bank account shows a charge but no confirmation Thank you in advance.,billing,neutral,medium,bank account shows charge no confirmation thank advance
I was charged twice for my subscription this month Thank you in advance.,billing,negative,urgent,charged twice subscription month thank advance
I am getting a server error when I try to submit Thank you in advance.,technical_support,neutral,medium,am getting server error when try submit thank advance
I am very unhappy with the service I received Please help me.,complaint,negative,medium,am very unhappy service received please help
Nobody is responding to my previous emails I am very frustrated.,complaint,neutral,medium,nobody responding previous emails am very frustrated
Please help me update my profile information Can someone assist me?,account,neutral,low,please help update profile information can someone assist
The app crashes every time I open it I am very frustrated.,technical_support,neutral,high,app crashes every time open am very frustrated
The customer support team was incredibly helpful This is urgent.,feedback,positive,medium,customer support team incredibly helpful urgent
How does the cancellation policy work Can someone assist me?,product_inquiry,neutral,medium,how cancellation policy work can someone assist
I have been waiting 10 days for a resolution I am very frustrated.,complaint,negative,urgent,waiting 10 days resolution am very frustrated
I received the wrong item in my package,shipping,negative,low,received wrong item package
I want to exchange my item for a different size I have been waiting for days.,returns,neutral,low,want exchange item different size waiting days
I received the wrong item in my package I am very frustrated.,shipping,negative,high,received wrong item package am very frustrated
I need a refund for the duplicate charge,billing,neutral,urgent,need refund duplicate charge
What is the difference between plan A and plan B I have been waiting for days.,product_inquiry,positive,low,what difference between plan plan waiting days
I was charged twice for my subscription this month Please help me.,billing,negative,urgent,charged twice subscription month please help
I received the wrong item in my package This is urgent.,shipping,negative,low,received wrong item package urgent
My order was returned to sender Thank you in advance.,shipping,neutral,medium,order returned sender thank advance
Please help me update my profile information Can someone assist me?,account,neutral,medium,please help update profile information can someone assist
I cannot upload files through the platform I have been waiting for days.,technical_support,neutral,medium,cannot upload files through platform waiting days
I want to exchange my item for a different size Please help me.,returns,neutral,low,want exchange item different size please help
I cannot log in to my account I have been waiting for days.,technical_support,neutral,high,cannot log account waiting days
Your platform is one of the best I have used,feedback,positive,low,platform one best used
I have a suggestion for improving the checkout process,feedback,positive,low,suggestion improving checkout process
Your service has gone downhill significantly This is urgent.,complaint,negative,high,service gone downhill significantly urgent
My data is not syncing between devices I am very frustrated.,technical_support,neutral,medium,data not syncing between devices am very frustrated
I received a defective product and need a replacement Can someone assist me?,returns,negative,low,received defective product need replacement can someone assist
My package was marked delivered but I did not receive it Please help me.,shipping,negative,low,package marked delivered not receive please help
I cannot verify my email address Thank you in advance.,account,neutral,high,cannot verify email address thank advance
I want to exchange my item for a different size Thank you in advance.,returns,neutral,low,want exchange item different size thank advance
I cannot verify my email address Please help me.,account,neutral,medium,cannot verify email address please help
I received a defective product and need a replacement Can someone assist me?,returns,negative,low,received defective product need replacement can someone assist
I have not received my refund after 2 weeks,returns,negative,medium,not received refund after weeks
What is the difference between plan A and plan B Please help me.,product_inquiry,positive,medium,what difference between plan plan please help
The return window was missed due to shipping delays This is urgent.,returns,negative,low,return window missed due shipping delays urgent
I was charged twice for my subscription this month Can someone assist me?,billing,negative,urgent,charged twice subscription month can someone assist
I need a refund for the duplicate charge I have been waiting for days.,billing,negative,high,need refund duplicate charge waiting days
Is this service available in my country,product_inquiry,positive,medium,service available country
Can I expedite my shipping Thank you in advance.,shipping,negative,high,can expedite shipping thank advance
What are the specifications of your premium plan Please help me.,product_inquiry,positive,low,what specifications premium plan please help
I received a defective product and need a replacement I have been waiting for days.,returns,neutral,medium,received defective product need replacement waiting days
Can I expedite my shipping This is urgent.,shipping,negative,low,can expedite shipping urgent
I am getting a server error when I try to submit I am very frustrated.,technical_support,neutral,high,am getting server error when try submit am very frustrated
I forgot my password and cannot reset it Thank you in advance.,account,neutral,low,forgot password cannot reset thank advance
I received the wrong item in my package Thank you in advance.,shipping,neutral,low,received wrong item package thank advance
Thank you for resolving my issue so quickly Can someone assist me?,feedback,neutral,low,thank resolving issue quickly can someone assist
I am furious about how my case was handled Thank you in advance.,complaint,negative,medium,am furious how case handled thank advance
I am considering switching to a competitor This is urgent.,complaint,neutral,medium,am considering switching competitor urgent
My payment was declined but money left my account I have been waiting for days.,billing,negative,high,payment declined money left account waiting days
I need to change my email address Please help me.,account,neutral,high,need change email address please help
What are the specifications of your premium plan Please help me.,product_inquiry,positive,low,what specifications premium plan please help
I think the mobile app needs a dark mode I am very frustrated.,feedback,positive,low,think mobile app needs dark mode am very frustrated
I need to change my email address I am very frustrated.,account,neutral,high,need change email address am very frustrated
I want to exchange my item for a different size This is urgent.,returns,neutral,medium,want exchange item different size urgent
I want to return a product I bought last week I am very frustrated.,returns,negative,low,want return product bought last week am very frustrated
I have a suggestion for improving the checkout process Can someone assist me?,feedback,positive,medium,suggestion improving checkout process can someone assist
The return window was missed due to shipping delays Thank you in advance.,returns,negative,medium,return window missed due shipping delays thank advance
My order was returned to sender This is urgent.,shipping,neutral,medium,order returned sender urgent
The tracking number is not updating Thank you in advance.,shipping,negative,medium,tracking number not updating thank advance
I want to return a product I bought last week,returns,neutral,low,want return product bought last week
Do you have a free trial available This is urgent.,product_inquiry,positive,low,free trial available urgent
I need to change my email address Please help me.,account,neutral,low,need change email address please help
Can I use the product on multiple devices This is urgent.,product_inquiry,positive,low,can use product multiple devices urgent
I want to return a product I bought last week This is urgent.,returns,negative,low,want return product bought last week urgent
I want to exchange my item for a different size Thank you in advance.,returns,negative,medium,want exchange item different size thank advance
Your platform is one of the best I have used Can someone assist me?,feedback,neutral,medium,platform one best used can someone assist
I want to exchange my item for a different size Please help me.,returns,neutral,medium,want exchange item different size please help
Can I expedite my shipping,shipping,negative,low,can expedite shipping
I am considering switching to a competitor Thank you in advance.,complaint,negative,high,am considering switching competitor thank advance
My order was returned to sender,shipping,negative,high,order returned sender
I have been waiting 10 days for a resolution Can someone assist me?,complaint,negative,urgent,waiting 10 days resolution can someone assist
I was charged twice for my subscription this month This is urgent.,billing,neutral,medium,charged twice subscription month urgent
Your platform is one of the best I have used Can someone assist me?,feedback,positive,medium,platform one best used can someone assist
My account was hacked and I need help Please help me.,account,neutral,medium,account hacked need help please help
Does this product come with a warranty Please help me.,product_inquiry,neutral,low,product come warranty please help
My account was hacked and I need help I have been waiting for days.,account,neutral,high,account hacked need help waiting days
I need a refund for the duplicate charge Can someone assist me?,billing,negative,medium,need refund duplicate charge can someone assist
Overall great experience but the loading is a bit slow I am very frustrated.,feedback,neutral,medium,overall great experience loading bit slow am very frustrated
Why was I charged more than I expected I am very frustrated.,billing,neutral,urgent,why charged more than expected am very frustrated
My order has not arrived after 2 weeks Can someone assist me?,shipping,negative,low,order not arrived after weeks can someone assist
The mobile app is very slow and keeps freezing I have been waiting for days.,technical_support,neutral,medium,mobile app very slow keeps freezing waiting days
Please help me update my profile information I have been waiting for days.,account,neutral,low,please help update profile information waiting days
What features are included in the enterprise tier Thank you in advance.,product_inquiry,positive,medium,what features included enterprise tier thank advance
Can I expedite my shipping I have been waiting for days.,shipping,neutral,medium,can expedite shipping waiting days
I have a suggestion for improving the checkout process Thank you in advance.,feedback,positive,low,suggestion improving checkout process thank advance
I need a refund for the duplicate charge I have been waiting for days.,billing,negative,urgent,need refund duplicate charge waiting days
Does this product come with a warranty Thank you in advance.,product_inquiry,positive,low,product come warranty thank advance
Can I expedite my shipping I have been waiting for days.,shipping,negative,high,can expedite shipping waiting days
I am considering switching to a competitor I have been waiting for days.,complaint,negative,medium,am considering switching competitor waiting days
I cannot upload files through the platform I am very frustrated.,technical_support,neutral,urgent,cannot upload files through platform am very frustrated
My payment was declined but money left my account I have been waiting for days.,billing,negative,urgent,payment declined money left account waiting days
I need to change my email address,account,neutral,medium,need change email address
I need to change my email address I have been waiting for days.,account,neutral,low,need change email address waiting days
Overall great experience but the loading is a bit slow Can someone assist me?,feedback,positive,low,overall great experience loading bit slow can someone assist
Thank you for resolving my issue so quickly Can someone assist me?,feedback,positive,medium,thank resolving issue quickly can someone assist
I have a suggestion for improving the checkout process This is urgent.,feedback,positive,medium,suggestion improving checkout process urgent
I received a defective product and need a replacement Can someone assist me?,returns,negative,medium,received defective product need replacement can someone assist
Overall great experience but the loading is a bit slow Please help me.,feedback,positive,low,overall great experience loading bit slow please help
I need a refund for the duplicate charge I am very frustrated.,billing,negative,medium,need refund duplicate charge am very frustrated
I cannot log in to my account This is urgent.,technical_support,neutral,urgent,cannot log account urgent
I want to cancel my subscription and get a refund Please help me.,billing,neutral,urgent,want cancel subscription get refund please help
Can I use the product on multiple devices Can someone assist me?,product_inquiry,neutral,low,can use product multiple devices can someone assist
I want to exchange my item for a different size Please help me.,returns,neutral,medium,want exchange item different size please help
I need to merge two accounts I have been waiting for days.,account,neutral,low,need merge two accounts waiting days
I forgot my password and cannot reset it This is urgent.,account,neutral,medium,forgot password cannot reset urgent
Your service has gone downhill significantly Can someone assist me?,complaint,negative,high,service gone downhill significantly can someone assist
Thank you for resolving my issue so quickly I am very frustrated.,feedback,positive,low,thank resolving issue quickly am very frustrated
My invoice shows an incorrect amount Thank you in advance.,billing,negative,medium,invoice shows incorrect amount thank advance
I cannot verify my email address I am very frustrated.,account,neutral,low,cannot verify email address am very frustrated
I am very unhappy with the service I received Thank you in advance.,complaint,negative,high,am very unhappy service received thank advance
Overall great experience but the loading is a bit slow I have been waiting for days.,feedback,positive,low,overall great experience loading bit slow waiting days
My package was marked delivered but I did not receive it Please help me.,shipping,negative,medium,package marked delivered not receive please help
I forgot my password and cannot reset it This is urgent.,account,neutral,high,forgot password cannot reset urgent
I want to cancel my subscription and get a refund Please help me.,billing,negative,high,want cancel subscription get refund please help
My package was marked delivered but I did not receive it I have been waiting for days.,shipping,neutral,high,package marked delivered not receive waiting days
I received a defective product and need a replacement Please help me.,returns,negative,low,received defective product need replacement please help
Your platform is one of the best I have used Can someone assist me?,feedback,positive,medium,platform one best used can someone assist
Is this service available in my country Please help me.,product_inquiry,positive,medium,service available country please help
My package was marked delivered but I did not receive it Can someone assist me?,shipping,negative,high,package marked delivered not receive can someone assist
I want to return a product I bought last week This is urgent.,returns,neutral,low,want return product bought last week urgent
I was charged twice for my subscription this month Can someone assist me?,billing,negative,medium,charged twice subscription month can someone assist
The app crashes every time I open it Thank you in advance.,technical_support,neutral,high,app crashes every time open thank advance
I want to cancel my subscription and get a refund Please help me.,billing,neutral,high,want cancel subscription get refund please help
My order has not arrived after 2 weeks Please help me.,shipping,negative,high,order not arrived after weeks please help
I received the wrong item in my package Can someone assist me?,shipping,neutral,high,received wrong item package can someone assist
My account has been locked out Please help me.,account,neutral,high,account locked out please help
I think the mobile app needs a dark mode Can someone assist me?,feedback,positive,medium,think mobile app needs dark mode can someone assist
How does the cancellation policy work Please help me.,product_inquiry,neutral,low,how cancellation policy work please help
I want to cancel my subscription and get a refund This is urgent.,billing,negative,medium,want cancel subscription get refund urgent
Is this service available in my country I am very frustrated.,product_inquiry,positive,low,service available country am very frustrated
Is this service available in my country This is urgent.,product_inquiry,positive,low,service available country urgent
Do you have a free trial available I am very frustrated.,product_inquiry,positive,medium,free trial available am very frustrated
This is the third time I have had this problem,complaint,negative,urgent,third time problem
I cannot log in to my account I am very frustrated.,technical_support,neutral,medium,cannot log account am very frustrated
My invoice shows an incorrect amount I am very frustrated.,billing,neutral,high,invoice shows incorrect amount am very frustrated
I forgot my password and cannot reset it Can someone assist me?,account,neutral,low,forgot password cannot reset can someone assist
How long do refunds take to process This is urgent.,returns,neutral,low,how long refunds take process urgent
My bank account shows a charge but no confirmation This is urgent.,billing,negative,high,bank account shows charge no confirmation urgent
The website is showing an error 500 I am very frustrated.,technical_support,neutral,medium,website showing error 500 am very frustrated
The website is showing an error 500 This is urgent.,technical_support,neutral,high,website showing error 500 urgent
The app crashes every time I open it,technical_support,neutral,high,app crashes every time open
Nobody is responding to my previous emails I am very frustrated.,complaint,negative,medium,nobody responding previous emails am very frustrated
The feature is not working as expected I have been waiting for days.,technical_support,neutral,high,feature not working as expected waiting days
I want to exchange my item for a different size I am very frustrated.,returns,neutral,low,want exchange item different size am very frustrated
What features are included in the enterprise tier Please help me.,product_inquiry,positive,low,what features included enterprise tier please help
I love the new interface you released this week,feedback,positive,medium,love new interface released week
My package was marked delivered but I did not receive it Can someone assist me?,shipping,neutral,low,package marked delivered not receive can someone assist
Can I use the product on multiple devices Please help me.,product_inquiry,positive,medium,can use product multiple devices please help
My account was hacked and I need help Please help me.,account,neutral,low,account hacked need help please help
Would love to see monthly billing as an option Can someone assist me?,feedback,positive,medium,love see monthly billing as option can someone assist
I want to delete my account and all my data Can someone assist me?,account,neutral,high,want delete account all data can someone assist
Can I use the product on multiple devices This is urgent.,product_inquiry,positive,low,can use product multiple devices urgent
Do you have a free trial available I have been waiting for days.,product_inquiry,positive,medium,free trial available waiting days
My order has not arrived after 2 weeks I am very frustrated.,shipping,neutral,high,order not arrived after weeks am very frustrated
Nobody is responding to my previous emails I have been waiting for days.,complaint,negative,medium,nobody responding previous emails waiting days
How long will my order take to arrive I have been waiting for days.,shipping,neutral,low,how long order take arrive waiting days
Your platform is one of the best I have used I am very frustrated.,feedback,neutral,medium,platform one best used am very frustrated
Can I use the product on multiple devices Thank you in advance.,product_inquiry,positive,low,can use product multiple devices thank advance
How long do refunds take to process This is urgent.,returns,negative,low,how long refunds take process urgent
I have not received my refund after 2 weeks I have been waiting for days.,returns,negative,low,not received refund after weeks waiting days
I want to delete my account and all my data This is urgent.,account,neutral,medium,want delete account all data urgent
I need to change my email address This is urgent.,account,neutral,high,need change email address urgent
My bank account shows a charge but no confirmation I am very frustrated.,billing,negative,medium,bank account shows charge no confirmation am very frustrated
Can I expedite my shipping Thank you in advance.,shipping,negative,high,can expedite shipping thank advance
I received the wrong item in my package Can someone assist me?,shipping,negative,low,received wrong item package can someone assist
My payment was declined but money left my account I have been waiting for days.,billing,negative,medium,payment declined money left account waiting days
My payment was declined but money left my account,billing,negative,urgent,payment declined money left account
Can I use the product on multiple devices Can someone assist me?,product_inquiry,positive,low,can use product multiple devices can someone assist
The website is showing an error 500 This is urgent.,technical_support,neutral,urgent,website showing error 500 urgent
I am furious about how my case was handled,complaint,neutral,urgent,am furious how case handled
My account was hacked and I need help Thank you in advance.,account,neutral,low,account hacked need help thank advance
I have a suggestion for improving the checkout process Please help me.,feedback,positive,low,suggestion improving checkout process please help
Nobody is responding to my previous emails I am very frustrated.,complaint,negative,high,nobody responding previous emails am very frustrated
How do I initiate a return for a damaged item,returns,negative,low,how initiate return damaged item
Why was I charged more than I expected This is urgent.,billing,negative,high,why charged more than expected urgent
Is this service available in my country I am very frustrated.,product_inquiry,positive,low,service available country am very frustrated
Why was I charged more than I expected,billing,negative,urgent,why charged more than expected
I have not received my refund after 2 weeks This is urgent.,returns,neutral,low,not received refund after weeks urgent
Does this product come with a warranty This is urgent.,product_inquiry,neutral,low,product come warranty urgent
How do I initiate a return for a damaged item Thank you in advance.,returns,negative,low,how initiate return damaged item thank advance
I cannot log in to my account Can someone assist me?,technical_support,neutral,urgent,cannot log account can someone assist
The return window was missed due to shipping delays I am very frustrated.,returns,negative,low,return window missed due shipping delays am very frustrated
What are the specifications of your premium plan This is urgent.,product_inquiry,positive,low,what specifications premium plan urgent
My bank account shows a charge but no confirmation,billing,neutral,urgent,bank account shows charge no confirmation
I cannot verify my email address Please help me.,account,neutral,medium,cannot verify email address please help
I need to change my delivery address I am very frustrated.,shipping,negative,medium,need change delivery address am very frustrated
I need to change my email address Please help me.,account,neutral,high,need change email address please help
I am furious about how my case was handled Please help me.,complaint,negative,medium,am furious how case handled please help
The customer support team was incredibly helpful Please help me.,feedback,positive,low,customer support team incredibly helpful please help
My order has not arrived after 2 weeks Please help me.,shipping,negative,high,order not arrived after weeks please help
I think the mobile app needs a dark mode,feedback,positive,low,think mobile app needs dark mode
How long do refunds take to process Thank you in advance.,returns,neutral,low,how long refunds take process thank advance
The mobile app is very slow and keeps freezing I am very frustrated.,technical_support,neutral,urgent,mobile app very slow keeps freezing am very frustrated
Your agent was extremely rude and unhelpful I am very frustrated.,complaint,negative,urgent,agent extremely rude unhelpful am very frustrated
I want to return a product I bought last week Can someone assist me?,returns,neutral,low,want return product bought last week can someone assist
What is the difference between plan A and plan B,product_inquiry,neutral,medium,what difference between plan plan
Your agent was extremely rude and unhelpful Please help me.,complaint,negative,urgent,agent extremely rude unhelpful please help
Please help me update my profile information I am very frustrated.,account,neutral,low,please help update profile information am very frustrated
My account has been locked out Can someone assist me?,account,neutral,low,account locked out can someone assist
Your agent was extremely rude and unhelpful I have been waiting for days.,complaint,negative,medium,agent extremely rude unhelpful waiting days
My package was marked delivered but I did not receive it Please help me.,shipping,negative,high,package marked delivered not receive please help
How long will my order take to arrive I am very frustrated.,shipping,negative,medium,how long order take arrive am very frustrated
What is the difference between plan A and plan B,product_inquiry,neutral,low,what difference between plan plan
I received a defective product and need a replacement I have been waiting for days.,returns,negative,low,received defective product need replacement waiting days
Would love to see monthly billing as an option Thank you in advance.,feedback,positive,low,love see monthly billing as option thank advance
My account was hacked and I need help I am very frustrated.,account,neutral,high,account hacked need help am very frustrated
I need to change my delivery address I am very frustrated.,shipping,negative,medium,need change delivery address am very frustrated
My account was hacked and I need help I am very frustrated.,account,neutral,medium,account hacked need help am very frustrated
My package was marked delivered but I did not receive it Can someone assist me?,shipping,negative,medium,package marked delivered not receive can someone assist
How long do refunds take to process I am very frustrated.,returns,negative,medium,how long refunds take process am very frustrated
I am getting a server error when I try to submit This is urgent.,technical_support,neutral,high,am getting server error when try submit urgent
My package was marked delivered but I did not receive it Please help me.,shipping,negative,low,package marked delivered not receive please help
Please help me update my profile information,account,neutral,medium,please help update profile information
I forgot my password and cannot reset it Can someone assist me?,account,neutral,low,forgot password cannot reset can someone assist
The mobile app is very slow and keeps freezing Can someone assist me?,technical_support,neutral,urgent,mobile app very slow keeps freezing can someone assist
Overall great experience but the loading is a bit slow Please help me.,feedback,positive,low,overall great experience loading bit slow please help
Your agent was extremely rude and unhelpful Please help me.,complaint,negative,medium,agent extremely rude unhelpful please help
Thank you for resolving my issue so quickly I am very frustrated.,feedback,positive,low,thank resolving issue quickly am very frustrated
I want to exchange my item for a different size I am very frustrated.,returns,negative,medium,want exchange item different size am very frustrated
Is this service available in my country This is urgent.,product_inquiry,positive,low,service available country urgent
What features are included in the enterprise tier I have been waiting for days.,product_inquiry,positive,low,what features included enterprise tier waiting days
I want to return a product I bought last week I have been waiting for days.,returns,neutral,low,want return product bought last week waiting days
I think the mobile app needs a dark mode This is urgent.,feedback,neutral,low,think mobile app needs dark mode urgent
Nobody is responding to my previous emails This is urgent.,complaint,negative,medium,nobody responding previous emails urgent
Can I use the product on multiple devices I have been waiting for days.,product_inquiry,positive,low,can use product multiple devices waiting days
Your agent was extremely rude and unhelpful This is urgent.,complaint,neutral,urgent,agent extremely rude unhelpful urgent
I need to merge two accounts Can someone assist me?,account,neutral,high,need merge two accounts can someone assist
Would love to see monthly billing as an option Please help me.,feedback,positive,medium,love see monthly billing as option please help
Can I use the product on multiple devices Thank you in advance.,product_inquiry,positive,low,can use product multiple devices thank advance
Is this service available in my country This is urgent.,product_inquiry,positive,low,service available country urgent
I want to delete my account and all my data This is urgent.,account,neutral,low,want delete account all data urgent
I need to merge two accounts I have been waiting for days.,account,neutral,low,need merge two accounts waiting days
I need a refund for the duplicate charge I have been waiting for days.,billing,neutral,urgent,need refund duplicate charge waiting days
I cannot log in to my account Thank you in advance.,technical_support,neutral,urgent,cannot log account thank advance
My payment was declined but money left my account I have been waiting for days.,billing,negative,urgent,payment declined money left account waiting days
The customer support team was incredibly helpful,feedback,positive,low,customer support team incredibly helpful
Thank you for resolving my issue so quickly This is urgent.,feedback,positive,medium,thank resolving issue quickly urgent
The customer support team was incredibly helpful Thank you in advance.,feedback,positive,medium,customer support team incredibly helpful thank advance
My order was returned to sender Please help me.,shipping,negative,medium,order returned sender please help
How does the cancellation policy work Thank you in advance.,product_inquiry,positive,low,how cancellation policy work thank advance
How long do refunds take to process Please help me.,returns,negative,low,how long refunds take process please help
I have been waiting 10 days for a resolution,complaint,neutral,urgent,waiting 10 days resolution
I want to cancel my subscription and get a refund,billing,negative,medium,want cancel subscription get refund
My bank account shows a charge but no confirmation This is urgent.,billing,negative,medium,bank account shows charge no confirmation urgent
My data is not syncing between devices Please help me.,technical_support,neutral,medium,data not syncing between devices please help
This is the third time I have had this problem This is urgent.,complaint,neutral,urgent,third time problem urgent
Would love to see monthly billing as an option Can someone assist me?,feedback,positive,low,love see monthly billing as option can someone assist
I am getting a server error when I try to submit I am very frustrated.,technical_support,neutral,urgent,am getting server error when try submit am very frustrated
I cannot upload files through the platform Please help me.,technical_support,neutral,medium,cannot upload files through platform please help
I love the new interface you released this week This is urgent.,feedback,positive,low,love new interface released week urgent
I forgot my password and cannot reset it I have been waiting for days.,account,neutral,low,forgot password cannot reset waiting days
My payment was declined but money left my account I am very frustrated.,billing,negative,urgent,payment declined money left account am very frustrated
Please help me update my profile information I am very frustrated.,account,neutral,high,please help update profile information am very frustrated
My invoice shows an incorrect amount,billing,neutral,urgent,invoice shows incorrect amount
How long do refunds take to process I have been waiting for days.,returns,negative,medium,how long refunds take process waiting days
My package was marked delivered but I did not receive it I have been waiting for days.,shipping,negative,high,package marked delivered not receive waiting days
I need to merge two accounts Please help me.,account,neutral,medium,need merge two accounts please help
Can I use the product on multiple devices This is urgent.,product_inquiry,positive,low,can use product multiple devices urgent
What are the specifications of your premium plan Thank you in advance.,product_inquiry,positive,medium,what specifications premium plan thank advance
I am very unhappy with the service I received This is urgent.,complaint,negative,medium,am very unhappy service received urgent
Why was I charged more than I expected,billing,neutral,high,why charged more than expected
Your agent was extremely rude and unhelpful Can someone assist me?,complaint,negative,high,agent extremely rude unhelpful can someone assist
Your platform is one of the best I have used Please help me.,feedback,neutral,medium,platform one best used please help
Would love to see monthly billing as an option I have been waiting for days.,feedback,positive,low,love see monthly billing as option waiting days
How long will my order take to arrive Can someone assist me?,shipping,negative,low,how long order take arrive can someone assist
I want to cancel my subscription and get a refund I am very frustrated.,billing,neutral,high,want cancel subscription get refund am very frustrated
Please help me update my profile information I have been waiting for days.,account,neutral,low,please help update profile information waiting days
I think the mobile app needs a dark mode This is urgent.,feedback,positive,low,think mobile app needs dark mode urgent
I want to delete my account and all my data Please help me.,account,neutral,high,want delete account all data please help
I cannot verify my email address Please help me.,account,neutral,medium,cannot verify email address please help
The feature is not working as expected Please help me.,technical_support,neutral,medium,feature not working as expected please help
Do you have a free trial available I am very frustrated.,product_inquiry,positive,low,free trial available am very frustrated
My invoice shows an incorrect amount Thank you in advance.,billing,negative,urgent,invoice shows incorrect amount thank advance
Your agent was extremely rude and unhelpful I am very frustrated.,complaint,negative,urgent,agent extremely rude unhelpful am very frustrated
I am considering switching to a competitor I am very frustrated.,complaint,negative,urgent,am considering switching competitor am very frustrated
I need to change my email address I have been waiting for days.,account,neutral,medium,need change email address waiting days
Please help me update my profile information,account,neutral,low,please help update profile information
I received the wrong item in my package,shipping,negative,medium,received wrong item package
My invoice shows an incorrect amount Thank you in advance.,billing,negative,urgent,invoice shows incorrect amount thank advance
My account has been locked out Please help me.,account,neutral,low,account locked out please help
My account has been locked out Can someone assist me?,account,neutral,medium,account locked out can someone assist
I am furious about how my case was handled,complaint,negative,urgent,am furious how case handled
I am very unhappy with the service I received,complaint,negative,medium,am very unhappy service received
My order has not arrived after 2 weeks Please help me.,shipping,neutral,high,order not arrived after weeks please help
Why was I charged more than I expected Thank you in advance.,billing,neutral,high,why charged more than expected thank advance
My order has not arrived after 2 weeks Please help me.,shipping,negative,medium,order not arrived after weeks please help
My order was returned to sender,shipping,neutral,medium,order returned sender
The customer support team was incredibly helpful I am very frustrated.,feedback,positive,medium,customer support team incredibly helpful am very frustrated
My return was rejected but the item was faulty This is urgent.,returns,negative,medium,return rejected item faulty urgent
I am considering switching to a competitor I am very frustrated.,complaint,negative,high,am considering switching competitor am very frustrated
Is this service available in my country Please help me.,product_inquiry,positive,low,service available country please help
Nobody is responding to my previous emails,complaint,negative,high,nobody responding previous emails
Can I use the product on multiple devices I have been waiting for days.,product_inquiry,positive,low,can use product multiple devices waiting days
My order was returned to sender I am very frustrated.,shipping,negative,high,order returned sender am very frustrated
This is the third time I have had this problem Please help me.,complaint,negative,high,third time problem please help
My package was marked delivered but I did not receive it This is urgent.,shipping,negative,medium,package marked delivered not receive urgent
My account has been locked out Can someone assist me?,account,neutral,medium,account locked out can someone assist
I want to return a product I bought last week This is urgent.,returns,negative,low,want return product bought last week urgent
Your platform is one of the best I have used Can someone assist me?,feedback,positive,low,platform one best used can someone assist
Nobody is responding to my previous emails I have been waiting for days.,complaint,neutral,medium,nobody responding previous emails waiting days
Thank you for resolving my issue so quickly Please help me.,feedback,positive,low,thank resolving issue quickly please help
I love the new interface you released this week Thank you in advance.,feedback,positive,medium,love new interface released week thank advance
My bank account shows a charge but no confirmation Can someone assist me?,billing,negative,high,bank account shows charge no confirmation can someone assist
I want to return a product I bought last week Can someone assist me?,returns,negative,medium,want return product bought last week can someone assist
I was charged twice for my subscription this month This is urgent.,billing,neutral,urgent,charged twice subscription month urgent
My data is not syncing between devices Please help me.,technical_support,neutral,high,data not syncing between devices please help
The return window was missed due to shipping delays Can someone assist me?,returns,neutral,low,return window missed due shipping delays can someone assist
I have a suggestion for improving the checkout process I am very frustrated.,feedback,positive,low,suggestion improving checkout process am very frustrated
What are the specifications of your premium plan I have been waiting for days.,product_inquiry,positive,medium,what specifications premium plan waiting days
The feature is not working as expected Please help me.,technical_support,neutral,urgent,feature not working as expected please help
Nobody is responding to my previous emails I am very frustrated.,complaint,negative,medium,nobody responding previous emails am very frustrated
Thank you for resolving my issue so quickly Thank you in advance.,feedback,positive,low,thank resolving issue quickly thank advance
Can I expedite my shipping I have been waiting for days.,shipping,negative,medium,can expedite shipping waiting days
What features are included in the enterprise tier I am very frustrated.,product_inquiry,positive,low,what features included enterprise tier am very frustrated
I have a suggestion for improving the checkout process,feedback,positive,low,suggestion improving checkout process
Would love to see monthly billing as an option Please help me.,feedback,positive,medium,love see monthly billing as option please help
Is this service available in my country I am very frustrated.,product_inquiry,positive,medium,service available country am very frustrated
I think the mobile app needs a dark mode I have been waiting for days.,feedback,positive,low,think mobile app needs dark mode waiting days
How do I initiate a return for a damaged item Thank you in advance.,returns,negative,medium,how initiate return damaged item thank advance
Your service has gone downhill significantly,complaint,negative,medium,service gone downhill significantly
I think the mobile app needs a dark mode Can someone assist me?,feedback,positive,low,think mobile app needs dark mode can someone assist
How do I initiate a return for a damaged item I have been waiting for days.,returns,negative,low,how initiate return damaged item waiting days
I have not received my refund after 2 weeks Please help me.,returns,neutral,low,not received refund after weeks please help
My order was returned to sender Please help me.,shipping,negative,low,order returned sender please help
Would love to see monthly billing as an option Can someone assist me?,feedback,positive,low,love see monthly billing as option can someone assist
My data is not syncing between devices This is urgent.,technical_support,neutral,medium,data not syncing between devices urgent
My account was hacked and I need help I have been waiting for days.,account,neutral,high,account hacked need help waiting days
I am getting a server error when I try to submit I have been waiting for days.,technical_support,neutral,medium,am getting server error when try submit waiting days
My order has not arrived after 2 weeks This is urgent.,shipping,neutral,high,order not arrived after weeks urgent
I love the new interface you released this week Please help me.,feedback,neutral,low,love new interface released week please help
The customer support team was incredibly helpful I am very frustrated.,feedback,neutral,low,customer support team incredibly helpful am very frustrated
Your service has gone downhill significantly Thank you in advance.,complaint,negative,high,service gone downhill significantly thank advance
I love the new interface you released this week Please help me.,feedback,positive,medium,love new interface released week please help
Your agent was extremely rude and unhelpful I have been waiting for days.,complaint,neutral,medium,agent extremely rude unhelpful waiting days
The app crashes every time I open it Thank you in advance.,technical_support,neutral,urgent,app crashes every time open thank advance
The return window was missed due to shipping delays,returns,neutral,medium,return window missed due shipping delays
My account was hacked and I need help Thank you in advance.,account,neutral,low,account hacked need help thank advance
I cannot verify my email address This is urgent.,account,neutral,medium,cannot verify email address urgent
I cannot upload files through the platform I have been waiting for days.,technical_support,neutral,urgent,cannot upload files through platform waiting days
My package was marked delivered but I did not receive it Can someone assist me?,shipping,negative,medium,package marked delivered not receive can someone assist
My data is not syncing between devices,technical_support,neutral,medium,data not syncing between devices
The return window was missed due to shipping delays I am very frustrated.,returns,neutral,low,return window missed due shipping delays am very frustrated
Your service has gone downhill significantly,complaint,negative,medium,service gone downhill significantly
Your agent was extremely rude and unhelpful Please help me.,complaint,negative,urgent,agent extremely rude unhelpful please help
I need to change my delivery address Thank you in advance.,shipping,neutral,high,need change delivery address thank advance
My invoice shows an incorrect amount I have been waiting for days.,billing,negative,medium,invoice shows incorrect amount waiting days
I love the new interface you released this week Please help me.,feedback,positive,low,love new interface released week please help
My account was hacked and I need help Please help me.,account,neutral,medium,account hacked need help please help
Your agent was extremely rude and unhelpful I have been waiting for days.,complaint,negative,urgent,agent extremely rude unhelpful waiting days
How does the cancellation policy work Thank you in advance.,product_inquiry,positive,medium,how cancellation policy work thank advance
I was charged twice for my subscription this month I have been waiting for days.,billing,negative,medium,charged twice subscription month waiting days
I have not received my refund after 2 weeks I am very frustrated.,returns,neutral,low,not received refund after weeks am very frustrated
I want to cancel my subscription and get a refund This is urgent.,billing,negative,medium,want cancel subscription get refund urgent
I am getting a server error when I try to submit Please help me.,technical_support,neutral,urgent,am getting server error when try submit please help
Your agent was extremely rude and unhelpful I am very frustrated.,complaint,negative,urgent,agent extremely rude unhelpful am very frustrated
What features are included in the enterprise tier I am very frustrated.,product_inquiry,positive,low,what features included enterprise tier am very frustrated
My return was rejected but the item was faulty I have been waiting for days.,returns,negative,low,return rejected item faulty waiting days
Your platform is one of the best I have used Please help me.,feedback,positive,medium,platform one best used please help
My return was rejected but the item was faulty Can someone assist me?,returns,negative,low,return rejected item faulty can someone assist
What is the difference between plan A and plan B Please help me.,product_inquiry,positive,low,what difference between plan plan please help
I want to return a product I bought last week Thank you in advance.,returns,negative,medium,want return product bought last week thank advance
My order was returned to sender Please help me.,shipping,negative,medium,order returned sender please help
Nobody is responding to my previous emails I am very frustrated.,complaint,neutral,high,nobody responding previous emails am very frustrated
Your platform is one of the best I have used I have been waiting for days.,feedback,neutral,low,platform one best used waiting days
I have been waiting 10 days for a resolution This is urgent.,complaint,negative,high,waiting 10 days resolution urgent
I have been waiting 10 days for a resolution Can someone assist me?,complaint,negative,urgent,waiting 10 days resolution can someone assist
My return was rejected but the item was faulty Thank you in advance.,returns,negative,medium,return rejected item faulty thank advance
I can't update my credit card information I have been waiting for days.,billing,negative,high,can update credit card information waiting days
I want to exchange my item for a different size This is urgent.,returns,negative,low,want exchange item different size urgent
Please help me update my profile information,account,neutral,high,please help update profile information
Is this service available in my country I have been waiting for days.,product_inquiry,neutral,low,service available country waiting days
Your agent was extremely rude and unhelpful Please help me.,complaint,negative,medium,agent extremely rude unhelpful please help
I cannot verify my email address Please help me.,account,neutral,high,cannot verify email address please help
I am getting a server error when I try to submit I am very frustrated.,technical_support,neutral,medium,am getting server error when try submit am very frustrated
I am considering switching to a competitor I am very frustrated.,complaint,negative,medium,am considering switching competitor am very frustrated
The website is showing an error 500 This is urgent.,technical_support,neutral,medium,website showing error 500 urgent
I have been waiting 10 days for a resolution Please help me.,complaint,negative,medium,waiting 10 days resolution please help
The mobile app is very slow and keeps freezing Thank you in advance.,technical_support,neutral,urgent,mobile app very slow keeps freezing thank advance
My data is not syncing between devices I have been waiting for days.,technical_support,neutral,urgent,data not syncing between devices waiting days
My account has been locked out Please help me.,account,neutral,low,account locked out please help
I want to delete my account and all my data I am very frustrated.,account,neutral,low,want delete account all data am very frustrated
The website is showing an error 500 Please help me.,technical_support,neutral,medium,website showing error 500 please help
My payment was declined but money left my account Thank you in advance.,billing,negative,medium,payment declined money left account thank advance
The customer support team was incredibly helpful I have been waiting for days.,feedback,neutral,medium,customer support team incredibly helpful waiting days
I want to delete my account and all my data Thank you in advance.,account,neutral,medium,want delete account all data thank advance
I have not received my refund after 2 weeks I have been waiting for days.,returns,neutral,low,not received refund after weeks waiting days
I am furious about how my case was handled I have been waiting for days.,complaint,negative,urgent,am furious how case handled waiting days
I am very unhappy with the service I received Thank you in advance.,complaint,negative,medium,am very unhappy service received thank advance
My package was marked delivered but I did not receive it I have been waiting for days.,shipping,negative,medium,package marked delivered not receive waiting days
Your service has gone downhill significantly Thank you in advance.,complaint,negative,urgent,service gone downhill significantly thank advance
What are the specifications of your premium plan Please help me.,product_inquiry,neutral,medium,what specifications premium plan please help
I am furious about how my case was handled Thank you in advance.,complaint,neutral,urgent,am furious how case handled thank advance
The website is showing an error 500,technical_support,neutral,high,website showing error 500
Your service has gone downhill significantly Thank you in advance.,complaint,negative,urgent,service gone downhill significantly thank advance
I think the mobile app needs a dark mode Thank you in advance.,feedback,positive,low,think mobile app needs dark mode thank advance
I cannot log in to my account I am very frustrated.,technical_support,neutral,medium,cannot log account am very frustrated
I am considering switching to a competitor,complaint,negative,urgent,am considering switching competitor
What are the specifications of your premium plan I am very frustrated.,product_inquiry,neutral,low,what specifications premium plan am very frustrated
I have a suggestion for improving the checkout process Can someone assist me?,feedback,positive,medium,suggestion improving checkout process can someone assist
Please help me update my profile information Can someone assist me?,account,neutral,high,please help update profile information can someone assist
I have a suggestion for improving the checkout process This is urgent.,feedback,positive,medium,suggestion improving checkout process urgent
My payment was declined but money left my account Can someone assist me?,billing,negative,high,payment declined money left account can someone assist
Nobody is responding to my previous emails Thank you in advance.,complaint,negative,urgent,nobody responding previous emails thank advance
How does the cancellation policy work I am very frustrated.,product_inquiry,positive,low,how cancellation policy work am very frustrated
How long do refunds take to process This is urgent.,returns,negative,medium,how long refunds take process urgent
I cannot log in to my account Can someone assist me?,technical_support,neutral,high,cannot log account can someone assist
I am very unhappy with the service I received,complaint,negative,high,am very unhappy service received
The website is showing an error 500 Please help me.,technical_support,neutral,medium,website showing error 500 please help
My return was rejected but the item was faulty I have been waiting for days.,returns,neutral,low,return rejected item faulty waiting days
I want to exchange my item for a different size I am very frustrated.,returns,neutral,medium,want exchange item different size am very frustrated
My data is not syncing between devices Thank you in advance.,technical_support,neutral,high,data not syncing between devices thank advance
My invoice shows an incorrect amount Can someone assist me?,billing,neutral,urgent,invoice shows incorrect amount can someone assist
I love the new interface you released this week This is urgent.,feedback,positive,low,love new interface released week urgent
I cannot log in to my account This is urgent.,technical_support,neutral,high,cannot log account urgent
The mobile app is very slow and keeps freezing Please help me.,technical_support,neutral,urgent,mobile app very slow keeps freezing please help
Is this service available in my country Thank you in advance.,product_inquiry,positive,low,service available country thank advance
I need to change my email address,account,neutral,high,need change email address
The customer support team was incredibly helpful This is urgent.,feedback,positive,medium,customer support team incredibly helpful urgent
I forgot my password and cannot reset it,account,neutral,low,forgot password cannot reset
Can I expedite my shipping Please help me.,shipping,neutral,low,can expedite shipping please help
The return window was missed due to shipping delays Please help me.,returns,negative,medium,return window missed due shipping delays please help
I want to return a product I bought last week Can someone assist me?,returns,negative,medium,want return product bought last week can someone assist
I want to cancel my subscription and get a refund I have been waiting for days.,billing,negative,urgent,want cancel subscription get refund waiting days
Why was I charged more than I expected Please help me.,billing,negative,urgent,why charged more than expected please help
Your platform is one of the best I have used,feedback,positive,medium,platform one best used
Overall great experience but the loading is a bit slow,feedback,positive,medium,overall great experience loading bit slow
I received a defective product and need a replacement This is urgent.,returns,negative,low,received defective product need replacement urgent
I cannot verify my email address Thank you in advance.,account,neutral,medium,cannot verify email address thank advance
I am considering switching to a competitor I am very frustrated.,complaint,neutral,urgent,am considering switching competitor am very frustrated
Your agent was extremely rude and unhelpful I am very frustrated.,complaint,negative,urgent,agent extremely rude unhelpful am very frustrated
I cannot verify my email address I am very frustrated.,account,neutral,low,cannot verify email address am very frustrated
My order was returned to sender,shipping,neutral,high,order returned sender
I cannot upload files through the platform This is urgent.,technical_support,neutral,high,cannot upload files through platform urgent
Can I use the product on multiple devices,product_inquiry,positive,medium,can use product multiple devices
My return was rejected but the item was faulty Thank you in advance.,returns,negative,medium,return rejected item faulty thank advance
The return window was missed due to shipping delays Thank you in advance.,returns,neutral,low,return window missed due shipping delays thank advance
My order was returned to sender I am very frustrated.,shipping,neutral,low,order returned sender am very frustrated
The website is showing an error 500 Please help me.,technical_support,neutral,high,website showing error 500 please help
Would love to see monthly billing as an option Can someone assist me?,feedback,positive,low,love see monthly billing as option can someone assist
Overall great experience but the loading is a bit slow This is urgent.,feedback,positive,low,overall great experience loading bit slow urgent
My order has not arrived after 2 weeks I have been waiting for days.,shipping,neutral,medium,order not arrived after weeks waiting days
I am very unhappy with the service I received I am very frustrated.,complaint,neutral,high,am very unhappy service received am very frustrated
I am very unhappy with the service I received This is urgent.,complaint,negative,urgent,am very unhappy service received urgent
The return window was missed due to shipping delays Please help me.,returns,neutral,medium,return window missed due shipping delays please help
I need to change my email address I have been waiting for days.,account,neutral,medium,need change email address waiting days
Your agent was extremely rude and unhelpful I am very frustrated.,complaint,negative,medium,agent extremely rude unhelpful am very frustrated
My account was hacked and I need help I have been waiting for days.,account,neutral,high,account hacked need help waiting days
Please help me update my profile information Can someone assist me?,account,neutral,medium,please help update profile information can someone assist
My payment was declined but money left my account,billing,negative,high,payment declined money left account
My bank account shows a charge but no confirmation I am very frustrated.,billing,negative,urgent,bank account shows charge no confirmation am very frustrated
I think the mobile app needs a dark mode,feedback,neutral,low,think mobile app needs dark mode
I cannot upload files through the platform Thank you in advance.,technical_support,neutral,urgent,cannot upload files through platform thank advance
Your agent was extremely rude and unhelpful This is urgent.,complaint,negative,medium,agent extremely rude unhelpful urgent
The app crashes every time I open it This is urgent.,technical_support,neutral,medium,app crashes every time open urgent
I was charged twice for my subscription this month,billing,neutral,medium,charged twice subscription month
What is the difference between plan A and plan B,product_inquiry,positive,medium,what difference between plan plan
My order was returned to sender This is urgent.,shipping,negative,medium,order returned sender urgent
Overall great experience but the loading is a bit slow This is urgent.,feedback,positive,low,overall great experience loading bit slow urgent
My data is not syncing between devices,technical_support,neutral,medium,data not syncing between devices
This is the third time I have had this problem This is urgent.,complaint,negative,medium,third time problem urgent
Nobody is responding to my previous emails Thank you in advance.,complaint,negative,medium,nobody responding previous emails thank advance
How does the cancellation policy work Can someone assist me?,product_inquiry,neutral,low,how cancellation policy work can someone assist
The website is showing an error 500 I am very frustrated.,technical_support,neutral,medium,website showing error 500 am very frustrated
What features are included in the enterprise tier,product_inquiry,positive,low,what features included enterprise tier
The website is showing an error 500 This is urgent.,technical_support,neutral,high,website showing error 500 urgent
I need to change my delivery address Please help me.,shipping,negative,medium,need change delivery address please help
Please help me update my profile information Thank you in advance.,account,neutral,high,please help update profile information thank advance
I want to return a product I bought last week I am very frustrated.,returns,negative,low,want return product bought last week am very frustrated
My order has not arrived after 2 weeks Can someone assist me?,shipping,negative,low,order not arrived after weeks can someone assist
I have been waiting 10 days for a resolution I am very frustrated.,complaint,neutral,medium,waiting 10 days resolution am very frustrated
I need to change my delivery address,shipping,negative,high,need change delivery address
My return was rejected but the item was faulty,returns,neutral,low,return rejected item faulty
Your platform is one of the best I have used Can someone assist me?,feedback,positive,low,platform one best used can someone assist
Overall great experience but the loading is a bit slow,feedback,positive,low,overall great experience loading bit slow
Can I use the product on multiple devices I have been waiting for days.,product_inquiry,positive,medium,can use product multiple devices waiting days
My return was rejected but the item was faulty Can someone assist me?,returns,negative,medium,return rejected item faulty can someone assist
How do I initiate a return for a damaged item This is urgent.,returns,negative,low,how initiate return damaged item urgent
I want to return a product I bought last week Thank you in advance.,returns,neutral,low,want return product bought last week thank advance
I want to exchange my item for a different size Thank you in advance.,returns,negative,low,want exchange item different size thank advance
The customer support team was incredibly helpful,feedback,positive,medium,customer support team incredibly helpful
How long will my order take to arrive Please help me.,shipping,negative,low,how long order take arrive please help
I want to delete my account and all my data This is urgent.,account,neutral,high,want delete account all data urgent
I cannot upload files through the platform Can someone assist me?,technical_support,neutral,high,cannot upload files through platform can someone assist
Can I expedite my shipping This is urgent.,shipping,negative,high,can expedite shipping urgent
Is this service available in my country This is urgent.,product_inquiry,positive,low,service available country urgent
What is the difference between plan A and plan B I am very frustrated.,product_inquiry,neutral,medium,what difference between plan plan am very frustrated
I want to cancel my subscription and get a refund This is urgent.,billing,neutral,high,want cancel subscription get refund urgent
My order was returned to sender This is urgent.,shipping,negative,low,order returned sender urgent
How does the cancellation policy work Please help me.,product_inquiry,positive,low,how cancellation policy work please help
I cannot upload files through the platform I have been waiting for days.,technical_support,neutral,urgent,cannot upload files through platform waiting days
The return window was missed due to shipping delays Can someone assist me?,returns,negative,low,return window missed due shipping delays can someone assist
What is the difference between plan A and plan B,product_inquiry,positive,low,what difference between plan plan
I want to exchange my item for a different size This is urgent.,returns,negative,low,want exchange item different size urgent
This is the third time I have had this problem This is urgent.,complaint,negative,medium,third time problem urgent
I received the wrong item in my package I have been waiting for days.,shipping,negative,high,received wrong item package waiting days
My invoice shows an incorrect amount,billing,negative,urgent,invoice shows incorrect amount
The app crashes every time I open it Can someone assist me?,technical_support,neutral,medium,app crashes every time open can someone assist
Please help me update my profile information Can someone assist me?,account,neutral,low,please help update profile information can someone assist
I was charged twice for my subscription this month Can someone assist me?,billing,negative,high,charged twice subscription month can someone assist
Why was I charged more than I expected,billing,negative,medium,why charged more than expected
My data is not syncing between devices Thank you in advance.,technical_support,neutral,high,data not syncing between devices thank advance
Can I expedite my shipping Thank you in advance.,shipping,negative,high,can expedite shipping thank advance
How do I initiate a return for a damaged item Thank you in advance.,returns,negative,medium,how initiate return damaged item thank advance
What are the specifications of your premium plan Can someone assist me?,product_inquiry,positive,low,what specifications premium plan can someone assist
I am getting a server error when I try to submit Please help me.,technical_support,neutral,high,am getting server error when try submit please help
I am considering switching to a competitor I have been waiting for days.,complaint,negative,medium,am considering switching competitor waiting days
This is the third time I have had this problem I am very frustrated.,complaint,negative,medium,third time problem am very frustrated
I need a refund for the duplicate charge I have been waiting for days.,billing,negative,urgent,need refund duplicate charge waiting days
I want to delete my account and all my data I have been waiting for days.,account,neutral,medium,want delete account all data waiting days
How does the cancellation policy work I have been waiting for days.,product_inquiry,positive,medium,how cancellation policy work waiting days
I was charged twice for my subscription this month Can someone assist me?,billing,negative,high,charged twice subscription month can someone assist
What are the specifications of your premium plan Please help me.,product_inquiry,positive,low,what specifications premium plan please help
My return was rejected but the item was faulty Please help me.,returns,negative,low,return rejected item faulty please help
The mobile app is very slow and keeps freezing I have been waiting for days.,technical_support,neutral,urgent,mobile app very slow keeps freezing waiting days
I have not received my refund after 2 weeks I have been waiting for days.,returns,neutral,low,not received refund after weeks waiting days
I have not received my refund after 2 weeks I have been waiting for days.,returns,neutral,low,not received refund after weeks waiting days
What features are included in the enterprise tier Please help me.,product_inquiry,neutral,medium,what features included enterprise tier please help
The feature is not working as expected I am very frustrated.,technical_support,neutral,medium,feature not working as expected am very frustrated
I want to cancel my subscription and get a refund Can someone assist me?,billing,negative,high,want cancel subscription get refund can someone assist
What is the difference between plan A and plan B I have been waiting for days.,product_inquiry,positive,low,what difference between plan plan waiting days
Does this product come with a warranty Thank you in advance.,product_inquiry,neutral,medium,product come warranty thank advance
My return was rejected but the item was faulty I am very frustrated.,returns,negative,low,return rejected item faulty am very frustrated
Thank you for resolving my issue so quickly,feedback,positive,medium,thank resolving issue quickly
The customer support team was incredibly helpful This is urgent.,feedback,positive,low,customer support team incredibly helpful urgent
I have not received my refund after 2 weeks I have been waiting for days.,returns,negative,medium,not received refund after weeks waiting days
Would love to see monthly billing as an option Thank you in advance.,feedback,neutral,low,love see monthly billing as option thank advance
Your agent was extremely rude and unhelpful Thank you in advance.,complaint,neutral,high,agent extremely rude unhelpful thank advance
I need a refund for the duplicate charge,billing,neutral,urgent,need refund duplicate charge
How do I initiate a return for a damaged item I have been waiting for days.,returns,negative,low,how initiate return damaged item waiting days
This is the third time I have had this problem This is urgent.,complaint,negative,medium,third time problem urgent
Nobody is responding to my previous emails,complaint,negative,medium,nobody responding previous emails
Why was I charged more than I expected I am very frustrated.,billing,neutral,high,why charged more than expected am very frustrated
My payment was declined but money left my account I am very frustrated.,billing,negative,urgent,payment declined money left account am very frustrated
The app crashes every time I open it This is urgent.,technical_support,neutral,urgent,app crashes every time open urgent
I need to change my email address Please help me.,account,neutral,low,need change email address please help
The app crashes every time I open it I have been waiting for days.,technical_support,neutral,medium,app crashes every time open waiting days
My data is not syncing between devices Thank you in advance.,technical_support,neutral,high,data not syncing between devices thank advance
My account has been locked out This is urgent.,account,neutral,low,account locked out urgent
My account has been locked out This is urgent.,account,neutral,medium,account locked out urgent
My order has not arrived after 2 weeks I have been waiting for days.,shipping,negative,low,order not arrived after weeks waiting days
I want to delete my account and all my data I am very frustrated.,account,neutral,high,want delete account all data am very frustrated
Your service has gone downhill significantly Please help me.,complaint,negative,high,service gone downhill significantly please help
What is the difference between plan A and plan B I am very frustrated.,product_inquiry,positive,low,what difference between plan plan am very frustrated
Does this product come with a warranty,product_inquiry,neutral,medium,product come warranty
I forgot my password and cannot reset it Can someone assist me?,account,neutral,medium,forgot password cannot reset can someone assist
I have a suggestion for improving the checkout process I am very frustrated.,feedback,positive,medium,suggestion improving checkout process am very frustrated
My account was hacked and I need help Can someone assist me?,account,neutral,high,account hacked need help can someone assist
I want to delete my account and all my data Can someone assist me?,account,neutral,medium,want delete account all data can someone assist
This is the third time I have had this problem,complaint,negative,urgent,third time problem
My payment was declined but money left my account,billing,negative,urgent,payment declined money left account
My payment was declined but money left my account Please help me.,billing,negative,urgent,payment declined money left account please help
My invoice shows an incorrect amount Please help me.,billing,neutral,medium,invoice shows incorrect amount please help
I have a suggestion for improving the checkout process I am very frustrated.,feedback,positive,low,suggestion improving checkout process am very frustrated
My return was rejected but the item was faulty,returns,negative,medium,return rejected item faulty
Thank you for resolving my issue so quickly Can someone assist me?,feedback,positive,low,thank resolving issue quickly can someone assist
How does the cancellation policy work Please help me.,product_inquiry,positive,low,how cancellation policy work please help
Can I expedite my shipping Can someone assist me?,shipping,negative,medium,can expedite shipping can someone assist
Thank you for resolving my issue so quickly Please help me.,feedback,positive,low,thank resolving issue quickly please help
The app crashes every time I open it This is urgent.,technical_support,neutral,high,app crashes every time open urgent
Do you have a free trial available I have been waiting for days.,product_inquiry,positive,low,free trial available waiting days
My account has been locked out I have been waiting for days.,account,neutral,medium,account locked out waiting days
Please help me update my profile information I have been waiting for days.,account,neutral,medium,please help update profile information waiting days
Why was I charged more than I expected,billing,negative,high,why charged more than expected
My bank account shows a charge but no confirmation I have been waiting for days.,billing,negative,high,bank account shows charge no confirmation waiting days
My return was rejected but the item was faulty I have been waiting for days.,returns,negative,low,return rejected item faulty waiting days
Do you have a free trial available This is urgent.,product_inquiry,neutral,low,free trial available urgent
Thank you for resolving my issue so quickly Please help me.,feedback,positive,low,thank resolving issue quickly please help
How long will my order take to arrive Thank you in advance.,shipping,negative,high,how long order take arrive thank advance
How do I initiate a return for a damaged item,returns,negative,low,how initiate return damaged item
Your agent was extremely rude and unhelpful I have been waiting for days.,complaint,negative,high,agent extremely rude unhelpful waiting days
My bank account shows a charge but no confirmation Thank you in advance.,billing,negative,medium,bank account shows charge no confirmation thank advance
I love the new interface you released this week I am very frustrated.,feedback,positive,low,love new interface released week am very frustrated
I am very unhappy with the service I received This is urgent.,complaint,negative,medium,am very unhappy service received urgent
Your platform is one of the best I have used This is urgent.,feedback,positive,low,platform one best used urgent
My account has been locked out This is urgent.,account,neutral,low,account locked out urgent
I cannot log in to my account This is urgent.,technical_support,neutral,urgent,cannot log account urgent
My account was hacked and I need help,account,neutral,medium,account hacked need help
I have a suggestion for improving the checkout process,feedback,neutral,medium,suggestion improving checkout process
How does the cancellation policy work I have been waiting for days.,product_inquiry,positive,medium,how cancellation policy work waiting days
Why was I charged more than I expected Thank you in advance.,billing,negative,urgent,why charged more than expected thank advance
My bank account shows a charge but no confirmation I have been waiting for days.,billing,neutral,medium,bank account shows charge no confirmation waiting days
Can I expedite my shipping,shipping,negative,low,can expedite shipping
The app crashes every time I open it Thank you in advance.,technical_support,neutral,urgent,app crashes every time open thank advance
Your service has gone downhill significantly I have been waiting for days.,complaint,negative,urgent,service gone downhill significantly waiting days
This is the third time I have had this problem Can someone assist me?,complaint,negative,high,third time problem can someone assist
Can I use the product on multiple devices I have been waiting for days.,product_inquiry,positive,low,can use product multiple devices waiting days
I am considering switching to a competitor,complaint,negative,urgent,am considering switching competitor
I am furious about how my case was handled Can someone assist me?,complaint,negative,high,am furious how case handled can someone assist
What is the difference between plan A and plan B,product_inquiry,positive,low,what difference between plan plan
I cannot verify my email address,account,neutral,low,cannot verify email address
How long do refunds take to process I have been waiting for days.,returns,neutral,low,how long refunds take process waiting days
I have a suggestion for improving the checkout process Thank you in advance.,feedback,neutral,medium,suggestion improving checkout process thank advance
My order was returned to sender Thank you in advance.,shipping,negative,high,order returned sender thank advance
I think the mobile app needs a dark mode I have been waiting for days.,feedback,neutral,low,think mobile app needs dark mode waiting days
I cannot verify my email address This is urgent.,account,neutral,low,cannot verify email address urgent
I love the new interface you released this week This is urgent.,feedback,positive,low,love new interface released week urgent
I forgot my password and cannot reset it This is urgent.,account,neutral,medium,forgot password cannot reset urgent
I was charged twice for my subscription this month I have been waiting for days.,billing,negative,high,charged twice subscription month waiting days
I can't update my credit card information This is urgent.,billing,neutral,medium,can update credit card information urgent
My account was hacked and I need help Please help me.,account,neutral,low,account hacked need help please help
I want to cancel my subscription and get a refund This is urgent.,billing,negative,urgent,want cancel subscription get refund urgent
I received the wrong item in my package Thank you in advance.,shipping,neutral,low,received wrong item package thank advance
I am considering switching to a competitor This is urgent.,complaint,negative,urgent,am considering switching competitor urgent
I am furious about how my case was handled Can someone assist me?,complaint,negative,medium,am furious how case handled can someone assist
I have not received my refund after 2 weeks Thank you in advance.,returns,negative,medium,not received refund after weeks thank advance
My account has been locked out Thank you in advance.,account,neutral,medium,account locked out thank advance
I need to change my email address I have been waiting for days.,account,neutral,high,need change email address waiting days
How long will my order take to arrive Thank you in advance.,shipping,negative,low,how long order take arrive thank advance
I can't update my credit card information,billing,negative,high,can update credit card information
My order has not arrived after 2 weeks I am very frustrated.,shipping,negative,high,order not arrived after weeks am very frustrated
My order was returned to sender I have been waiting for days.,shipping,negative,low,order returned sender waiting days
I have a suggestion for improving the checkout process Can someone assist me?,feedback,positive,low,suggestion improving checkout process can someone assist
I am very unhappy with the service I received I have been waiting for days.,complaint,negative,high,am very unhappy service received waiting days
Can I use the product on multiple devices Please help me.,product_inquiry,positive,low,can use product multiple devices please help
Please help me update my profile information This is urgent.,account,neutral,medium,please help update profile information urgent
What is the difference between plan A and plan B Can someone assist me?,product_inquiry,positive,medium,what difference between plan plan can someone assist
I cannot verify my email address Please help me.,account,neutral,high,cannot verify email address please help
My bank account shows a charge but no confirmation Can someone assist me?,billing,negative,urgent,bank account shows charge no confirmation can someone assist
Can I use the product on multiple devices Can someone assist me?,product_inquiry,neutral,medium,can use product multiple devices can someone assist
I am considering switching to a competitor,complaint,negative,medium,am considering switching competitor
My invoice shows an incorrect amount Thank you in advance.,billing,negative,urgent,invoice shows incorrect amount thank advance
I can't update my credit card information I am very frustrated.,billing,negative,urgent,can update credit card information am very frustrated
I think the mobile app needs a dark mode I have been waiting for days.,feedback,neutral,medium,think mobile app needs dark mode waiting days
The return window was missed due to shipping delays,returns,negative,low,return window missed due shipping delays
What are the specifications of your premium plan Please help me.,product_inquiry,positive,medium,what specifications premium plan please help
My package was marked delivered but I did not receive it,shipping,negative,low,package marked delivered not receive
Do you have a free trial available This is urgent.,product_inquiry,positive,low,free trial available urgent
My order was returned to sender Thank you in advance.,shipping,negative,high,order returned sender thank advance
My account has been locked out Please help me.,account,neutral,high,account locked out please help
How long do refunds take to process Please help me.,returns,negative,low,how long refunds take process please help
Does this product come with a warranty,product_inquiry,positive,medium,product come warranty
I love the new interface you released this week Can someone assist me?,feedback,neutral,medium,love new interface released week can someone assist
I need to merge two accounts Please help me.,account,neutral,medium,need merge two accounts please help
I am considering switching to a competitor,complaint,negative,medium,am considering switching competitor
My return was rejected but the item was faulty This is urgent.,returns,neutral,low,return rejected item faulty urgent
I have not received my refund after 2 weeks I am very frustrated.,returns,negative,low,not received refund after weeks am very frustrated
My invoice shows an incorrect amount I am very frustrated.,billing,negative,high,invoice shows incorrect amount am very frustrated
I need to change my email address,account,neutral,high,need change email address
I have not received my refund after 2 weeks I am very frustrated.,returns,negative,low,not received refund after weeks am very frustrated
My payment was declined but money left my account I am very frustrated.,billing,negative,medium,payment declined money left account am very frustrated
My order was returned to sender This is urgent.,shipping,negative,low,order returned sender urgent
The feature is not working as expected This is urgent.,technical_support,neutral,high,feature not working as expected urgent
My data is not syncing between devices This is urgent.,technical_support,neutral,urgent,data not syncing between devices urgent
Can I use the product on multiple devices,product_inquiry,neutral,medium,can use product multiple devices
This is the third time I have had this problem I have been waiting for days.,complaint,negative,high,third time problem waiting days
I need to change my email address Thank you in advance.,account,neutral,low,need change email address thank advance
I have a suggestion for improving the checkout process,feedback,positive,medium,suggestion improving checkout process
Would love to see monthly billing as an option Thank you in advance.,feedback,positive,medium,love see monthly billing as option thank advance
I forgot my password and cannot reset it Can someone assist me?,account,neutral,low,forgot password cannot reset can someone assist
What are the specifications of your premium plan I have been waiting for days.,product_inquiry,positive,low,what specifications premium plan waiting days
I need to merge two accounts Can someone assist me?,account,neutral,medium,need merge two accounts can someone assist
Thank you for resolving my issue so quickly This is urgent.,feedback,neutral,low,thank resolving issue quickly urgent
I love the new interface you released this week This is urgent.,feedback,neutral,low,love new interface released week urgent
I can't update my credit card information Can someone assist me?,billing,negative,urgent,can update credit card information can someone assist
I am considering switching to a competitor,complaint,negative,high,am considering switching competitor
I want to delete my account and all my data This is urgent.,account,neutral,low,want delete account all data urgent
This is the third time I have had this problem Can someone assist me?,complaint,negative,high,third time problem can someone assist
Nobody is responding to my previous emails Please help me.,complaint,negative,high,nobody responding previous emails please help
How long will my order take to arrive Can someone assist me?,shipping,negative,high,how long order take arrive can someone assist
I received the wrong item in my package I have been waiting for days.,shipping,negative,low,received wrong item package waiting days
I need to merge two accounts Please help me.,account,neutral,high,need merge two accounts please help
Please help me update my profile information,account,neutral,low,please help update profile information
I need to merge two accounts I am very frustrated.,account,neutral,medium,need merge two accounts am very frustrated
I cannot verify my email address Please help me.,account,neutral,high,cannot verify email address please help
I received the wrong item in my package I have been waiting for days.,shipping,negative,low,received wrong item package waiting days
How long do refunds take to process Please help me.,returns,neutral,medium,how long refunds take process please help
My order was returned to sender This is urgent.,shipping,negative,high,order returned sender urgent
How long do refunds take to process I am very frustrated.,returns,negative,low,how long refunds take process am very frustrated
I have not received my refund after 2 weeks I have been waiting for days.,returns,neutral,medium,not received refund after weeks waiting days
My package was marked delivered but I did not receive it Please help me.,shipping,negative,medium,package marked delivered not receive please help
I forgot my password and cannot reset it This is urgent.,account,neutral,low,forgot password cannot reset urgent
The app crashes every time I open it I am very frustrated.,technical_support,neutral,urgent,app crashes every time open am very frustrated
My invoice shows an incorrect amount I am very frustrated.,billing,negative,urgent,invoice shows incorrect amount am very frustrated
I cannot upload files through the platform Can someone assist me?,technical_support,neutral,urgent,cannot upload files through platform can someone assist
I can't update my credit card information I am very frustrated.,billing,neutral,high,can update credit card information am very frustrated
Why was I charged more than I expected Can someone assist me?,billing,negative,urgent,why charged more than expected can someone assist
The tracking number is not updating Can someone assist me?,shipping,neutral,high,tracking number not updating can someone assist
I want to cancel my subscription and get a refund Please help me.,billing,negative,high,want cancel subscription get refund please help
How does the cancellation policy work This is urgent.,product_inquiry,positive,medium,how cancellation policy work urgent
My invoice shows an incorrect amount Thank you in advance.,billing,negative,high,invoice shows incorrect amount thank advance
Your service has gone downhill significantly,complaint,negative,medium,service gone downhill significantly
Your service has gone downhill significantly I am very frustrated.,complaint,negative,high,service gone downhill significantly am very frustrated
I want to exchange my item for a different size Please help me.,returns,neutral,low,want exchange item different size please help
Your service has gone downhill significantly Can someone assist me?,complaint,negative,high,service gone downhill significantly can someone assist
I am very unhappy with the service I received,complaint,negative,medium,am very unhappy service received
Would love to see monthly billing as an option I have been waiting for days.,feedback,positive,medium,love see monthly billing as option waiting days
I need to change my delivery address Please help me.,shipping,negative,low,need change delivery address please help
Would love to see monthly billing as an option This is urgent.,feedback,positive,low,love see monthly billing as option urgent
My account has been locked out I am very frustrated.,account,neutral,medium,account locked out am very frustrated
I can't update my credit card information This is urgent.,billing,negative,high,can update credit card information urgent
I forgot my password and cannot reset it I am very frustrated.,account,neutral,low,forgot password cannot reset am very frustrated
The website is showing an error 500 Can someone assist me?,technical_support,neutral,urgent,website showing error 500 can someone assist
The customer support team was incredibly helpful Can someone assist me?,feedback,positive,low,customer support team incredibly helpful can someone assist
Why was I charged more than I expected I am very frustrated.,billing,neutral,high,why charged more than expected am very frustrated
Nobody is responding to my previous emails Thank you in advance.,complaint,negative,medium,nobody responding previous emails thank advance
Thank you for resolving my issue so quickly Please help me.,feedback,positive,low,thank resolving issue quickly please help
Thank you for resolving my issue so quickly Can someone assist me?,feedback,positive,medium,thank resolving issue quickly can someone assist
I think the mobile app needs a dark mode Thank you in advance.,feedback,neutral,low,think mobile app needs dark mode thank advance
Can I use the product on multiple devices Please help me.,product_inquiry,positive,low,can use product multiple devices please help
I am furious about how my case was handled I have been waiting for days.,complaint,negative,urgent,am furious how case handled waiting days
I am very unhappy with the service I received Thank you in advance.,complaint,neutral,urgent,am very unhappy service received thank advance
I want to cancel my subscription and get a refund I am very frustrated.,billing,negative,high,want cancel subscription get refund am very frustrated
Can I use the product on multiple devices Can someone assist me?,product_inquiry,positive,low,can use product multiple devices can someone assist
What are the specifications of your premium plan This is urgent.,product_inquiry,positive,medium,what specifications premium plan urgent
My invoice shows an incorrect amount Can someone assist me?,billing,negative,high,invoice shows incorrect amount can someone assist
I need to change my email address This is urgent.,account,neutral,medium,need change email address urgent
I have been waiting 10 days for a resolution This is urgent.,complaint,negative,urgent,waiting 10 days resolution urgent
Thank you for resolving my issue so quickly,feedback,neutral,medium,thank resolving issue quickly
Please help me update my profile information I have been waiting for days.,account,neutral,medium,please help update profile information waiting days
I want to exchange my item for a different size I have been waiting for days.,returns,neutral,low,want exchange item different size waiting days
I think the mobile app needs a dark mode Please help me.,feedback,positive,medium,think mobile app needs dark mode please help
I forgot my password and cannot reset it I am very frustrated.,account,neutral,medium,forgot password cannot reset am very frustrated
My payment was declined but money left my account I have been waiting for days.,billing,negative,high,payment declined money left account waiting days
The feature is not working as expected Can someone assist me?,technical_support,neutral,high,feature not working as expected can someone assist
I received the wrong item in my package Thank you in advance.,shipping,negative,low,received wrong item package thank advance
How long do refunds take to process Please help me.,returns,negative,low,how long refunds take process please help
I am furious about how my case was handled This is urgent.,complaint,negative,medium,am furious how case handled urgent
I love the new interface you released this week Please help me.,feedback,positive,low,love new interface released week please help
I am very unhappy with the service I received I am very frustrated.,complaint,negative,high,am very unhappy service received am very frustrated
I can't update my credit card information Please help me.,billing,negative,high,can update credit card information please help
I want to delete my account and all my data I have been waiting for days.,account,neutral,low,want delete account all data waiting days
How long will my order take to arrive,shipping,negative,high,how long order take arrive
What is the difference between plan A and plan B Thank you in advance.,product_inquiry,neutral,medium,what difference between plan plan thank advance
I cannot verify my email address Please help me.,account,neutral,medium,cannot verify email address please help
Nobody is responding to my previous emails Can someone assist me?,complaint,neutral,medium,nobody responding previous emails can someone assist
My order has not arrived after 2 weeks This is urgent.,shipping,negative,high,order not arrived after weeks urgent
What are the specifications of your premium plan This is urgent.,product_inquiry,positive,low,what specifications premium plan urgent
This is the third time I have had this problem Please help me.,complaint,negative,medium,third time problem please help
My payment was declined but money left my account I am very frustrated.,billing,neutral,urgent,payment declined money left account am very frustrated
I have been waiting 10 days for a resolution Can someone assist me?,complaint,negative,medium,waiting 10 days resolution can someone assist
What features are included in the enterprise tier I have been waiting for days.,product_inquiry,positive,low,what features included enterprise tier waiting days
Thank you for resolving my issue so quickly I have been waiting for days.,feedback,positive,medium,thank resolving issue quickly waiting days
I have been waiting 10 days for a resolution I have been waiting for days.,complaint,neutral,high,waiting 10 days resolution waiting days
My order has not arrived after 2 weeks,shipping,negative,low,order not arrived after weeks
Your agent was extremely rude and unhelpful I am very frustrated.,complaint,negative,high,agent extremely rude unhelpful am very frustrated
My account was hacked and I need help Can someone assist me?,account,neutral,high,account hacked need help can someone assist
I need to merge two accounts,account,neutral,low,need merge two accounts
I need to change my email address This is urgent.,account,neutral,high,need change email address urgent
Thank you for resolving my issue so quickly This is urgent.,feedback,neutral,medium,thank resolving issue quickly urgent
I need to change my email address Thank you in advance.,account,neutral,high,need change email address thank advance
My data is not syncing between devices Thank you in advance.,technical_support,neutral,high,data not syncing between devices thank advance
I need a refund for the duplicate charge Thank you in advance.,billing,negative,medium,need refund duplicate charge thank advance
My return was rejected but the item was faulty I am very frustrated.,returns,negative,medium,return rejected item faulty am very frustrated
What is the difference between plan A and plan B Please help me.,product_inquiry,positive,low,what difference between plan plan please help
How do I initiate a return for a damaged item Please help me.,returns,negative,medium,how initiate return damaged item please help
Do you have a free trial available I am very frustrated.,product_inquiry,positive,medium,free trial available am very frustrated
I need to merge two accounts Please help me.,account,neutral,low,need merge two accounts please help
Please help me update my profile information Can someone assist me?,account,neutral,high,please help update profile information can someone assist
The mobile app is very slow and keeps freezing,technical_support,neutral,urgent,mobile app very slow keeps freezing
The mobile app is very slow and keeps freezing This is urgent.,technical_support,neutral,urgent,mobile app very slow keeps freezing urgent
Thank you for resolving my issue so quickly Please help me.,feedback,positive,low,thank resolving issue quickly please help
I want to return a product I bought last week I am very frustrated.,returns,neutral,low,want return product bought last week am very frustrated
Can I use the product on multiple devices Can someone assist me?,product_inquiry,positive,low,can use product multiple devices can someone assist
My data is not syncing between devices I have been waiting for days.,technical_support,neutral,urgent,data not syncing between devices waiting days
I want to return a product I bought last week I am very frustrated.,returns,negative,low,want return product bought last week am very frustrated
I cannot verify my email address I have been waiting for days.,account,neutral,medium,cannot verify email address waiting days
My package was marked delivered but I did not receive it This is urgent.,shipping,negative,medium,package marked delivered not receive urgent
My payment was declined but money left my account I am very frustrated.,billing,negative,urgent,payment declined money left account am very frustrated
I need a refund for the duplicate charge Thank you in advance.,billing,neutral,urgent,need refund duplicate charge thank advance
I need to change my email address,account,neutral,medium,need change email address
I have been waiting 10 days for a resolution This is urgent.,complaint,negative,medium,waiting 10 days resolution urgent
The website is showing an error 500 I have been waiting for days.,technical_support,neutral,high,website showing error 500 waiting days
My package was marked delivered but I did not receive it,shipping,neutral,high,package marked delivered not receive
Can I expedite my shipping Please help me.,shipping,neutral,low,can expedite shipping please help
I want to return a product I bought last week Can someone assist me?,returns,neutral,low,want return product bought last week can someone assist
I have been waiting 10 days for a resolution Thank you in advance.,complaint,negative,high,waiting 10 days resolution thank advance
How does the cancellation policy work I have been waiting for days.,product_inquiry,positive,medium,how cancellation policy work waiting days
I have not received my refund after 2 weeks This is urgent.,returns,negative,low,not received refund after weeks urgent
I want to exchange my item for a different size I am very frustrated.,returns,negative,medium,want exchange item different size am very frustrated
I need to change my email address I am very frustrated.,account,neutral,low,need change email address am very frustrated
The customer support team was incredibly helpful This is urgent.,feedback,neutral,low,customer support team incredibly helpful urgent
My order has not arrived after 2 weeks This is urgent.,shipping,negative,medium,order not arrived after weeks urgent
Would love to see monthly billing as an option Please help me.,feedback,positive,low,love see monthly billing as option please help
I received the wrong item in my package Please help me.,shipping,neutral,high,received wrong item package please help
I need to change my email address Please help me.,account,neutral,medium,need change email address please help
I love the new interface you released this week Thank you in advance.,feedback,positive,low,love new interface released week thank advance
I need a refund for the duplicate charge I have been waiting for days.,billing,negative,medium,need refund duplicate charge waiting days
Your agent was extremely rude and unhelpful,complaint,negative,high,agent extremely rude unhelpful
I want to cancel my subscription and get a refund Can someone assist me?,billing,neutral,medium,want cancel subscription get refund can someone assist
How do I initiate a return for a damaged item Please help me.,returns,negative,medium,how initiate return damaged item please help
Can I expedite my shipping Please help me.,shipping,negative,low,can expedite shipping please help
I am considering switching to a competitor Can someone assist me?,complaint,negative,medium,am considering switching competitor can someone assist
I can't update my credit card information I have been waiting for days.,billing,negative,urgent,can update credit card information waiting days
I have not received my refund after 2 weeks This is urgent.,returns,neutral,medium,not received refund after weeks urgent
I want to exchange my item for a different size I have been waiting for days.,returns,negative,medium,want exchange item different size waiting days
How long will my order take to arrive I am very frustrated.,shipping,negative,high,how long order take arrive am very frustrated
I received a defective product and need a replacement,returns,neutral,low,received defective product need replacement
My return was rejected but the item was faulty,returns,neutral,medium,return rejected item faulty
I am furious about how my case was handled Please help me.,complaint,neutral,medium,am furious how case handled please help
I cannot upload files through the platform Please help me.,technical_support,neutral,medium,cannot upload files through platform please help
I received a defective product and need a replacement Thank you in advance.,returns,negative,low,received defective product need replacement thank advance
I need a refund for the duplicate charge I have been waiting for days.,billing,negative,medium,need refund duplicate charge waiting days
I am very unhappy with the service I received,complaint,negative,high,am very unhappy service received
I need to change my email address I am very frustrated.,account,neutral,high,need change email address am very frustrated
What is the difference between plan A and plan B Thank you in advance.,product_inquiry,positive,medium,what difference between plan plan thank advance
The return window was missed due to shipping delays Thank you in advance.,returns,negative,low,return window missed due shipping delays thank advance
I cannot upload files through the platform I am very frustrated.,technical_support,neutral,urgent,cannot upload files through platform am very frustrated
I want to exchange my item for a different size I am very frustrated.,returns,negative,low,want exchange item different size am very frustrated
Nobody is responding to my previous emails This is urgent.,complaint,negative,urgent,nobody responding previous emails urgent
I want to return a product I bought last week I have been waiting for days.,returns,negative,low,want return product bought last week waiting days
I need to change my email address Thank you in advance.,account,neutral,low,need change email address thank advance
Your agent was extremely rude and unhelpful Can someone assist me?,complaint,negative,medium,agent extremely rude unhelpful can someone assist
The mobile app is very slow and keeps freezing Please help me.,technical_support,neutral,urgent,mobile app very slow keeps freezing please help
My order has not arrived after 2 weeks I have been waiting for days.,shipping,negative,medium,order not arrived after weeks waiting days
Your service has gone downhill significantly Please help me.,complaint,neutral,high,service gone downhill significantly please help
This is the third time I have had this problem Thank you in advance.,complaint,negative,urgent,third time problem thank advance
Thank you for resolving my issue so quickly Can someone assist me?,feedback,positive,medium,thank resolving issue quickly can someone assist
My payment was declined but money left my account Please help me.,billing,neutral,medium,payment declined money left account please help
I want to exchange my item for a different size,returns,negative,low,want exchange item different size
My return was rejected but the item was faulty Please help me.,returns,negative,medium,return rejected item faulty please help
Please help me update my profile information Can someone assist me?,account,neutral,medium,please help update profile information can someone assist
I received a defective product and need a replacement Thank you in advance.,returns,neutral,low,received defective product need replacement thank advance
My package was marked delivered but I did not receive it I have been waiting for days.,shipping,negative,medium,package marked delivered not receive waiting days
Your agent was extremely rude and unhelpful This is urgent.,complaint,negative,high,agent extremely rude unhelpful urgent
I want to return a product I bought last week,returns,negative,medium,want return product bought last week
My return was rejected but the item was faulty Please help me.,returns,neutral,low,return rejected item faulty please help
The tracking number is not updating I have been waiting for days.,shipping,neutral,high,tracking number not updating waiting days
How long will my order take to arrive Can someone assist me?,shipping,negative,medium,how long order take arrive can someone assist
My payment was declined but money left my account Can someone assist me?,billing,negative,high,payment declined money left account can someone assist
The website is showing an error 500 I have been waiting for days.,technical_support,neutral,medium,website showing error 500 waiting days
I am very unhappy with the service I received I am very frustrated.,complaint,negative,high,am very unhappy service received am very frustrated
My account was hacked and I need help Please help me.,account,neutral,low,account hacked need help please help
Your platform is one of the best I have used,feedback,positive,low,platform one best used
I love the new interface you released this week Can someone assist me?,feedback,positive,low,love new interface released week can someone assist
My data is not syncing between devices This is urgent.,technical_support,neutral,high,data not syncing between devices urgent
My invoice shows an incorrect amount Please help me.,billing,negative,medium,invoice shows incorrect amount please help
My account has been locked out I have been waiting for days.,account,neutral,medium,account locked out waiting days
My order has not arrived after 2 weeks I have been waiting for days.,shipping,negative,high,order not arrived after weeks waiting days
What are the specifications of your premium plan Please help me.,product_inquiry,neutral,low,what specifications premium plan please help
How long do refunds take to process Thank you in advance.,returns,neutral,low,how long refunds take process thank advance
Does this product come with a warranty This is urgent.,product_inquiry,positive,medium,product come warranty urgent
Your service has gone downhill significantly I have been waiting for days.,complaint,negative,high,service gone downhill significantly waiting days
My order was returned to sender This is urgent.,shipping,neutral,low,order returned sender urgent
My package was marked delivered but I did not receive it Thank you in advance.,shipping,neutral,medium,package marked delivered not receive thank advance
I want to return a product I bought last week This is urgent.,returns,negative,medium,want return product bought last week urgent
I want to exchange my item for a different size Can someone assist me?,returns,negative,low,want exchange item different size can someone assist
I am getting a server error when I try to submit,technical_support,neutral,high,am getting server error when try submit
Your agent was extremely rude and unhelpful Please help me.,complaint,negative,urgent,agent extremely rude unhelpful please help
Please help me update my profile information I am very frustrated.,account,neutral,high,please help update profile information am very frustrated
Your agent was extremely rude and unhelpful,complaint,negative,urgent,agent extremely rude unhelpful
The feature is not working as expected Please help me.,technical_support,neutral,urgent,feature not working as expected please help
The tracking number is not updating This is urgent.,shipping,negative,high,tracking number not updating urgent
How do I initiate a return for a damaged item Can someone assist me?,returns,neutral,low,how initiate return damaged item can someone assist
Overall great experience but the loading is a bit slow I am very frustrated.,feedback,positive,low,overall great experience loading bit slow am very frustrated
Does this product come with a warranty Can someone assist me?,product_inquiry,positive,low,product come warranty can someone assist
I cannot upload files through the platform I am very frustrated.,technical_support,neutral,medium,cannot upload files through platform am very frustrated
The customer support team was incredibly helpful Thank you in advance.,feedback,positive,low,customer support team incredibly helpful thank advance
The website is showing an error 500 I have been waiting for days.,technical_support,neutral,urgent,website showing error 500 waiting days
What features are included in the enterprise tier Can someone assist me?,product_inquiry,neutral,low,what features included enterprise tier can someone assist
I cannot log in to my account I have been waiting for days.,technical_support,neutral,urgent,cannot log account waiting days
The website is showing an error 500 Thank you in advance.,technical_support,neutral,medium,website showing error 500 thank advance
I need to change my email address Thank you in advance.,account,neutral,high,need change email address thank advance
What features are included in the enterprise tier Can someone assist me?,product_inquiry,positive,low,what features included enterprise tier can someone assist
I need a refund for the duplicate charge Can someone assist me?,billing,negative,high,need refund duplicate charge can someone assist
This is the third time I have had this problem Please help me.,complaint,negative,high,third time problem please help
I want to delete my account and all my data Please help me.,account,neutral,medium,want delete account all data please help
My account was hacked and I need help Can someone assist me?,account,neutral,medium,account hacked need help can someone assist
I am getting a server error when I try to submit Thank you in advance.,technical_support,neutral,urgent,am getting server error when try submit thank advance
I have not received my refund after 2 weeks Please help me.,returns,negative,low,not received refund after weeks please help
Does this product come with a warranty I am very frustrated.,product_inquiry,positive,low,product come warranty am very frustrated
What are the specifications of your premium plan I have been waiting for days.,product_inquiry,positive,low,what specifications premium plan waiting days
The customer support team was incredibly helpful Please help me.,feedback,neutral,low,customer support team incredibly helpful please help
Would love to see monthly billing as an option,feedback,positive,low,love see monthly billing as option
Your service has gone downhill significantly,complaint,negative,high,service gone downhill significantly
I cannot log in to my account I am very frustrated.,technical_support,neutral,urgent,cannot log account am very frustrated
The return window was missed due to shipping delays Thank you in advance.,returns,negative,low,return window missed due shipping delays thank advance
Please help me update my profile information,account,neutral,low,please help update profile information
What is the difference between plan A and plan B I have been waiting for days.,product_inquiry,positive,low,what difference between plan plan waiting days
Nobody is responding to my previous emails Please help me.,complaint,neutral,medium,nobody responding previous emails please help
Can I expedite my shipping I have been waiting for days.,shipping,negative,high,can expedite shipping waiting days
Overall great experience but the loading is a bit slow I am very frustrated.,feedback,positive,medium,overall great experience loading bit slow am very frustrated
I received a defective product and need a replacement I have been waiting for days.,returns,negative,low,received defective product need replacement waiting days
Please help me update my profile information Thank you in advance.,account,neutral,medium,please help update profile information thank advance
The website is showing an error 500 This is urgent.,technical_support,neutral,medium,website showing error 500 urgent
Nobody is responding to my previous emails,complaint,negative,high,nobody responding previous emails
Can I expedite my shipping This is urgent.,shipping,negative,low,can expedite shipping urgent
I received the wrong item in my package Please help me.,shipping,negative,high,received wrong item package please help
What is the difference between plan A and plan B Can someone assist me?,product_inquiry,positive,low,what difference between plan plan can someone assist
I want to exchange my item for a different size Can someone assist me?,returns,neutral,low,want exchange item different size can someone assist
How does the cancellation policy work I have been waiting for days.,product_inquiry,positive,low,how cancellation policy work waiting days
I cannot upload files through the platform Please help me.,technical_support,neutral,high,cannot upload files through platform please help
What features are included in the enterprise tier I am very frustrated.,product_inquiry,neutral,low,what features included enterprise tier am very frustrated
My order has not arrived after 2 weeks I am very frustrated.,shipping,neutral,medium,order not arrived after weeks am very frustrated
How long do refunds take to process Can someone assist me?,returns,negative,low,how long refunds take process can someone assist
I cannot log in to my account I am very frustrated.,technical_support,neutral,medium,cannot log account am very frustrated
The feature is not working as expected I am very frustrated.,technical_support,neutral,high,feature not working as expected am very frustrated
I cannot upload files through the platform This is urgent.,technical_support,neutral,high,cannot upload files through platform urgent
Your platform is one of the best I have used Thank you in advance.,feedback,positive,low,platform one best used thank advance
My payment was declined but money left my account This is urgent.,billing,neutral,medium,payment declined money left account urgent
Why was I charged more than I expected I have been waiting for days.,billing,neutral,urgent,why charged more than expected waiting days
My bank account shows a charge but no confirmation Thank you in advance.,billing,negative,high,bank account shows charge no confirmation thank advance
I want to cancel my subscription and get a refund I am very frustrated.,billing,negative,medium,want cancel subscription get refund am very frustrated
The app crashes every time I open it Please help me.,technical_support,neutral,high,app crashes every time open please help
Nobody is responding to my previous emails I have been waiting for days.,complaint,negative,medium,nobody responding previous emails waiting days
My package was marked delivered but I did not receive it I am very frustrated.,shipping,neutral,medium,package marked delivered not receive am very frustrated
Can I expedite my shipping Please help me.,shipping,neutral,high,can expedite shipping please help
My order was returned to sender,shipping,negative,medium,order returned sender
I forgot my password and cannot reset it This is urgent.,account,neutral,medium,forgot password cannot reset urgent
I cannot log in to my account Can someone assist me?,technical_support,neutral,urgent,cannot log account can someone assist
My bank account shows a charge but no confirmation Thank you in advance.,billing,negative,urgent,bank account shows charge no confirmation thank advance
I can't update my credit card information Thank you in advance.,billing,negative,medium,can update credit card information thank advance
I received the wrong item in my package,shipping,negative,high,received wrong item package
Is this service available in my country This is urgent.,product_inquiry,positive,medium,service available country urgent
My payment was declined but money left my account I have been waiting for days.,billing,negative,high,payment declined money left account waiting days
I have been waiting 10 days for a resolution I am very frustrated.,complaint,negative,medium,waiting 10 days resolution am very frustrated
What are the specifications of your premium plan Can someone assist me?,product_inquiry,positive,low,what specifications premium plan can someone assist
I am considering switching to a competitor,complaint,negative,medium,am considering switching competitor
I cannot verify my email address Please help me.,account,neutral,low,cannot verify email address please help
What features are included in the enterprise tier,product_inquiry,neutral,low,what features included enterprise tier
I want to return a product I bought last week Thank you in advance.,returns,negative,low,want return product bought last week thank advance
The return window was missed due to shipping delays I have been waiting for days.,returns,negative,medium,return window missed due shipping delays waiting days
Why was I charged more than I expected,billing,negative,high,why charged more than expected
How do I initiate a return for a damaged item I have been waiting for days.,returns,negative,medium,how initiate return damaged item waiting days
I need to merge two accounts This is urgent.,account,neutral,medium,need merge two accounts urgent
I can't update my credit card information Please help me.,billing,negative,urgent,can update credit card information please help
I forgot my password and cannot reset it Please help me.,account,neutral,medium,forgot password cannot reset please help
I am very unhappy with the service I received This is urgent.,complaint,negative,medium,am very unhappy service received urgent
I was charged twice for my subscription this month I am very frustrated.,billing,neutral,medium,charged twice subscription month am very frustrated
The tracking number is not updating I am very frustrated.,shipping,neutral,high,tracking number not updating am very frustrated
The customer support team was incredibly helpful,feedback,positive,medium,customer support team incredibly helpful
I can't update my credit card information Please help me.,billing,negative,medium,can update credit card information please help
I want to return a product I bought last week I am very frustrated.,returns,neutral,low,want return product bought last week am very frustrated
Do you have a free trial available Please help me.,product_inquiry,neutral,medium,free trial available please help
How long will my order take to arrive This is urgent.,shipping,neutral,low,how long order take arrive urgent
Is this service available in my country Thank you in advance.,product_inquiry,positive,low,service available country thank advance
I have not received my refund after 2 weeks I am very frustrated.,returns,negative,low,not received refund after weeks am very frustrated
Your agent was extremely rude and unhelpful,complaint,negative,medium,agent extremely rude unhelpful
Overall great experience but the loading is a bit slow Please help me.,feedback,positive,medium,overall great experience loading bit slow please help
I received a defective product and need a replacement This is urgent.,returns,negative,low,received defective product need replacement urgent
The feature is not working as expected I have been waiting for days.,technical_support,neutral,urgent,feature not working as expected waiting days
I am considering switching to a competitor Please help me.,complaint,negative,high,am considering switching competitor please help
How do I initiate a return for a damaged item I have been waiting for days.,returns,neutral,medium,how initiate return damaged item waiting days
My account was hacked and I need help I am very frustrated.,account,neutral,high,account hacked need help am very frustrated
I have not received my refund after 2 weeks I am very frustrated.,returns,negative,low,not received refund after weeks am very frustrated
The app crashes every time I open it Please help me.,technical_support,neutral,medium,app crashes every time open please help
Is this service available in my country Please help me.,product_inquiry,neutral,medium,service available country please help
I think the mobile app needs a dark mode Thank you in advance.,feedback,positive,low,think mobile app needs dark mode thank advance
My account has been locked out Thank you in advance.,account,neutral,low,account locked out thank advance
I need a refund for the duplicate charge I am very frustrated.,billing,neutral,medium,need refund duplicate charge am very frustrated
Why was I charged more than I expected This is urgent.,billing,negative,urgent,why charged more than expected urgent
Nobody is responding to my previous emails Can someone assist me?,complaint,negative,urgent,nobody responding previous emails can someone assist
Please help me update my profile information This is urgent.,account,neutral,medium,please help update profile information urgent
The app crashes every time I open it,technical_support,neutral,high,app crashes every time open
How do I initiate a return for a damaged item,returns,neutral,low,how initiate return damaged item
The website is showing an error 500 Please help me.,technical_support,neutral,high,website showing error 500 please help
What features are included in the enterprise tier Can someone assist me?,product_inquiry,neutral,low,what features included enterprise tier can someone assist
This is the third time I have had this problem,complaint,negative,medium,third time problem
My account has been locked out Please help me.,account,neutral,high,account locked out please help
I want to delete my account and all my data,account,neutral,high,want delete account all data
The tracking number is not updating Can someone assist me?,shipping,negative,medium,tracking number not updating can someone assist
I need to merge two accounts,account,neutral,low,need merge two accounts
I cannot verify my email address Please help me.,account,neutral,low,cannot verify email address please help
I am getting a server error when I try to submit This is urgent.,technical_support,neutral,medium,am getting server error when try submit urgent
This is the third time I have had this problem,complaint,negative,medium,third time problem
Would love to see monthly billing as an option This is urgent.,feedback,positive,medium,love see monthly billing as option urgent
Thank you for resolving my issue so quickly This is urgent.,feedback,positive,low,thank resolving issue quickly urgent
Do you have a free trial available I have been waiting for days.,product_inquiry,neutral,medium,free trial available waiting days
My data is not syncing between devices This is urgent.,technical_support,neutral,high,data not syncing between devices urgent
I love the new interface you released this week Thank you in advance.,feedback,positive,low,love new interface released week thank advance
I need a refund for the duplicate charge,billing,negative,medium,need refund duplicate charge
I have been waiting 10 days for a resolution,complaint,negative,high,waiting 10 days resolution
I was charged twice for my subscription this month,billing,negative,high,charged twice subscription month
I want to exchange my item for a different size I am very frustrated.,returns,negative,low,want exchange item different size am very frustrated
My data is not syncing between devices,technical_support,neutral,urgent,data not syncing between devices
Your platform is one of the best I have used Can someone assist me?,feedback,positive,low,platform one best used can someone assist
I cannot upload files through the platform I have been waiting for days.,technical_support,neutral,medium,cannot upload files through platform waiting days
I am furious about how my case was handled,complaint,negative,urgent,am furious how case handled
I love the new interface you released this week Please help me.,feedback,positive,low,love new interface released week please help
I forgot my password and cannot reset it,account,neutral,high,forgot password cannot reset
How long do refunds take to process I am very frustrated.,returns,negative,low,how long refunds take process am very frustrated
My order has not arrived after 2 weeks Please help me.,shipping,negative,high,order not arrived after weeks please help
I was charged twice for my subscription this month I am very frustrated.,billing,negative,medium,charged twice subscription month am very frustrated
Your platform is one of the best I have used I am very frustrated.,feedback,neutral,medium,platform one best used am very frustrated
How long do refunds take to process Please help me.,returns,negative,medium,how long refunds take process please help
Why was I charged more than I expected Can someone assist me?,billing,negative,high,why charged more than expected can someone assist
My bank account shows a charge but no confirmation I have been waiting for days.,billing,negative,medium,bank account shows charge no confirmation waiting days
My invoice shows an incorrect amount I have been waiting for days.,billing,negative,high,invoice shows incorrect amount waiting days
I cannot verify my email address I have been waiting for days.,account,neutral,high,cannot verify email address waiting days
I think the mobile app needs a dark mode Please help me.,feedback,neutral,low,think mobile app needs dark mode please help
I need to change my email address Please help me.,account,neutral,low,need change email address please help
How long will my order take to arrive I am very frustrated.,shipping,negative,high,how long order take arrive am very frustrated
Would love to see monthly billing as an option This is urgent.,feedback,positive,low,love see monthly billing as option urgent
I want to return a product I bought last week Can someone assist me?,returns,negative,low,want return product bought last week can someone assist
My data is not syncing between devices This is urgent.,technical_support,neutral,high,data not syncing between devices urgent
Your platform is one of the best I have used I have been waiting for days.,feedback,positive,medium,platform one best used waiting days
This is the third time I have had this problem Please help me.,complaint,negative,high,third time problem please help
Your service has gone downhill significantly,complaint,negative,medium,service gone downhill significantly
I want to exchange my item for a different size This is urgent.,returns,negative,low,want exchange item different size urgent
I want to delete my account and all my data,account,neutral,high,want delete account all data
Nobody is responding to my previous emails,complaint,negative,medium,nobody responding previous emails
Can I use the product on multiple devices Thank you in advance.,product_inquiry,neutral,low,can use product multiple devices thank advance
My return was rejected but the item was faulty This is urgent.,returns,negative,medium,return rejected item faulty urgent
The mobile app is very slow and keeps freezing I have been waiting for days.,technical_support,neutral,urgent,mobile app very slow keeps freezing waiting days
How do I initiate a return for a damaged item I have been waiting for days.,returns,negative,medium,how initiate return damaged item waiting days
Thank you for resolving my issue so quickly I have been waiting for days.,feedback,positive,low,thank resolving issue quickly waiting days
The customer support team was incredibly helpful This is urgent.,feedback,neutral,medium,customer support team incredibly helpful urgent
Does this product come with a warranty Please help me.,product_inquiry,neutral,medium,product come warranty please help
I am very unhappy with the service I received I am very frustrated.,complaint,negative,medium,am very unhappy service received am very frustrated
How long will my order take to arrive I am very frustrated.,shipping,neutral,low,how long order take arrive am very frustrated
I need to change my delivery address I have been waiting for days.,shipping,neutral,high,need change delivery address waiting days
Nobody is responding to my previous emails This is urgent.,complaint,negative,high,nobody responding previous emails urgent
I think the mobile app needs a dark mode I am very frustrated.,feedback,positive,low,think mobile app needs dark mode am very frustrated
The customer support team was incredibly helpful I have been waiting for days.,feedback,positive,low,customer support team incredibly helpful waiting days
The tracking number is not updating Thank you in advance.,shipping,negative,low,tracking number not updating thank advance
Why was I charged more than I expected I am very frustrated.,billing,neutral,medium,why charged more than expected am very frustrated
I need to merge two accounts I have been waiting for days.,account,neutral,medium,need merge two accounts waiting days
My payment was declined but money left my account This is urgent.,billing,negative,medium,payment declined money left account urgent
Does this product come with a warranty Can someone assist me?,product_inquiry,neutral,medium,product come warranty can someone assist
Can I expedite my shipping I am very frustrated.,shipping,negative,medium,can expedite shipping am very frustrated
Thank you for resolving my issue so quickly I have been waiting for days.,feedback,positive,low,thank resolving issue quickly waiting days
The feature is not working as expected Can someone assist me?,technical_support,neutral,medium,feature not working as expected can someone assist
My order has not arrived after 2 weeks Thank you in advance.,shipping,negative,medium,order not arrived after weeks thank advance
Your agent was extremely rude and unhelpful,complaint,negative,medium,agent extremely rude unhelpful
My bank account shows a charge but no confirmation Please help me.,billing,negative,high,bank account shows charge no confirmation please help
How does the cancellation policy work Please help me.,product_inquiry,neutral,low,how cancellation policy work please help
I can't update my credit card information I am very frustrated.,billing,negative,high,can update credit card information am very frustrated
I was charged twice for my subscription this month Please help me.,billing,neutral,urgent,charged twice subscription month please help
My account was hacked and I need help Please help me.,account,neutral,high,account hacked need help please help
Why was I charged more than I expected Please help me.,billing,neutral,high,why charged more than expected please help
I forgot my password and cannot reset it This is urgent.,account,neutral,low,forgot password cannot reset urgent
Why was I charged more than I expected,billing,negative,high,why charged more than expected
The tracking number is not updating I am very frustrated.,shipping,negative,high,tracking number not updating am very frustrated
My return was rejected but the item was faulty I am very frustrated.,returns,negative,low,return rejected item faulty am very frustrated
I need to change my delivery address Thank you in advance.,shipping,neutral,medium,need change delivery address thank advance
My order was returned to sender Please help me.,shipping,negative,high,order returned sender please help
I want to delete my account and all my data This is urgent.,account,neutral,high,want delete account all data urgent
I think the mobile app needs a dark mode I have been waiting for days.,feedback,positive,medium,think mobile app needs dark mode waiting days
I am getting a server error when I try to submit This is urgent.,technical_support,neutral,urgent,am getting server error when try submit urgent
My return was rejected but the item was faulty This is urgent.,returns,negative,low,return rejected item faulty urgent
Would love to see monthly billing as an option I have been waiting for days.,feedback,positive,low,love see monthly billing as option waiting days
The return window was missed due to shipping delays Please help me.,returns,neutral,medium,return window missed due shipping delays please help
I want to delete my account and all my data This is urgent.,account,neutral,high,want delete account all data urgent
I think the mobile app needs a dark mode This is urgent.,feedback,positive,low,think mobile app needs dark mode urgent
Overall great experience but the loading is a bit slow,feedback,positive,low,overall great experience loading bit slow
Can I expedite my shipping Thank you in advance.,shipping,negative,high,can expedite shipping thank advance
I have not received my refund after 2 weeks Thank you in advance.,returns,neutral,medium,not received refund after weeks thank advance
I cannot upload files through the platform I have been waiting for days.,technical_support,neutral,urgent,cannot upload files through platform waiting days
I think the mobile app needs a dark mode I am very frustrated.,feedback,positive,low,think mobile app needs dark mode am very frustrated
Nobody is responding to my previous emails I have been waiting for days.,complaint,neutral,high,nobody responding previous emails waiting days
I am very unhappy with the service I received Thank you in advance.,complaint,negative,high,am very unhappy service received thank advance
Your platform is one of the best I have used Thank you in advance.,feedback,positive,low,platform one best used thank advance
Can I expedite my shipping Can someone assist me?,shipping,negative,medium,can expedite shipping can someone assist
I love the new interface you released this week,feedback,positive,low,love new interface released week
Do you have a free trial available This is urgent.,product_inquiry,positive,medium,free trial available urgent
What is the difference between plan A and plan B I am very frustrated.,product_inquiry,positive,low,what difference between plan plan am very frustrated
My account was hacked and I need help I am very frustrated.,account,neutral,medium,account hacked need help am very frustrated
I received the wrong item in my package,shipping,negative,low,received wrong item package
My package was marked delivered but I did not receive it Can someone assist me?,shipping,negative,high,package marked delivered not receive can someone assist
The mobile app is very slow and keeps freezing I have been waiting for days.,technical_support,neutral,urgent,mobile app very slow keeps freezing waiting days
My account has been locked out Please help me.,account,neutral,medium,account locked out please help
Why was I charged more than I expected Can someone assist me?,billing,neutral,high,why charged more than expected can someone assist
How long do refunds take to process This is urgent.,returns,negative,low,how long refunds take process urgent
How long do refunds take to process,returns,negative,medium,how long refunds take process
My account was hacked and I need help This is urgent.,account,neutral,high,account hacked need help urgent
My payment was declined but money left my account I have been waiting for days.,billing,negative,urgent,payment declined money left account waiting days
The mobile app is very slow and keeps freezing Can someone assist me?,technical_support,neutral,medium,mobile app very slow keeps freezing can someone assist
Your platform is one of the best I have used Please help me.,feedback,positive,low,platform one best used please help
The mobile app is very slow and keeps freezing This is urgent.,technical_support,neutral,medium,mobile app very slow keeps freezing urgent
The app crashes every time I open it,technical_support,neutral,urgent,app crashes every time open
Can I use the product on multiple devices Thank you in advance.,product_inquiry,neutral,medium,can use product multiple devices thank advance
Would love to see monthly billing as an option Can someone assist me?,feedback,positive,low,love see monthly billing as option can someone assist
How does the cancellation policy work This is urgent.,product_inquiry,neutral,low,how cancellation policy work urgent
I need a refund for the duplicate charge Please help me.,billing,negative,urgent,need refund duplicate charge please help
I forgot my password and cannot reset it I have been waiting for days.,account,neutral,high,forgot password cannot reset waiting days
What features are included in the enterprise tier This is urgent.,product_inquiry,positive,medium,what features included enterprise tier urgent
Is this service available in my country Please help me.,product_inquiry,positive,low,service available country please help
The customer support team was incredibly helpful I have been waiting for days.,feedback,positive,medium,customer support team incredibly helpful waiting days
How do I initiate a return for a damaged item Please help me.,returns,negative,low,how initiate return damaged item please help
I need to change my email address This is urgent.,account,neutral,medium,need change email address urgent
How long do refunds take to process,returns,negative,medium,how long refunds take process
I want to exchange my item for a different size I have been waiting for days.,returns,negative,low,want exchange item different size waiting days
This is the third time I have had this problem Please help me.,complaint,negative,urgent,third time problem please help
The website is showing an error 500 I am very frustrated.,technical_support,neutral,high,website showing error 500 am very frustrated
How long will my order take to arrive This is urgent.,shipping,neutral,medium,how long order take arrive urgent
I am getting a server error when I try to submit Can someone assist me?,technical_support,neutral,high,am getting server error when try submit can someone assist
The app crashes every time I open it I am very frustrated.,technical_support,neutral,urgent,app crashes every time open am very frustrated
I am considering switching to a competitor I have been waiting for days.,complaint,negative,high,am considering switching competitor waiting days
The return window was missed due to shipping delays,returns,neutral,low,return window missed due shipping delays
How long do refunds take to process Thank you in advance.,returns,negative,low,how long refunds take process thank advance
Why was I charged more than I expected Thank you in advance.,billing,negative,medium,why charged more than expected thank advance
How does the cancellation policy work Please help me.,product_inquiry,positive,low,how cancellation policy work please help
I need to change my email address I have been waiting for days.,account,neutral,high,need change email address waiting days
The customer support team was incredibly helpful Can someone assist me?,feedback,positive,low,customer support team incredibly helpful can someone assist
This is the third time I have had this problem Can someone assist me?,complaint,negative,medium,third time problem can someone assist
Your platform is one of the best I have used Thank you in advance.,feedback,positive,medium,platform one best used thank advance
I cannot log in to my account Can someone assist me?,technical_support,neutral,urgent,cannot log account can someone assist
I am getting a server error when I try to submit This is urgent.,technical_support,neutral,medium,am getting server error when try submit urgent
I need to change my email address This is urgent.,account,neutral,low,need change email address urgent
I want to cancel my subscription and get a refund Can someone assist me?,billing,negative,high,want cancel subscription get refund can someone assist
Is this service available in my country,product_inquiry,neutral,low,service available country
I am furious about how my case was handled This is urgent.,complaint,negative,medium,am furious how case handled urgent
My account has been locked out Can someone assist me?,account,neutral,low,account locked out can someone assist
My invoice shows an incorrect amount Can someone assist me?,billing,negative,high,invoice shows incorrect amount can someone assist
My invoice shows an incorrect amount I am very frustrated.,billing,negative,medium,invoice shows incorrect amount am very frustrated
My account was hacked and I need help Thank you in advance.,account,neutral,medium,account hacked need help thank advance
Does this product come with a warranty Please help me.,product_inquiry,positive,low,product come warranty please help
Your service has gone downhill significantly Please help me.,complaint,negative,urgent,service gone downhill significantly please help
My account has been locked out Thank you in advance.,account,neutral,low,account locked out thank advance
My payment was declined but money left my account I am very frustrated.,billing,negative,urgent,payment declined money left account am very frustrated
I need to change my delivery address Can someone assist me?,shipping,negative,high,need change delivery address can someone assist
My invoice shows an incorrect amount Thank you in advance.,billing,negative,medium,invoice shows incorrect amount thank advance
I am considering switching to a competitor Can someone assist me?,complaint,neutral,urgent,am considering switching competitor can someone assist
The mobile app is very slow and keeps freezing Can someone assist me?,technical_support,neutral,urgent,mobile app very slow keeps freezing can someone assist
Would love to see monthly billing as an option Can someone assist me?,feedback,positive,medium,love see monthly billing as option can someone assist
Can I expedite my shipping I am very frustrated.,shipping,negative,high,can expedite shipping am very frustrated
I am getting a server error when I try to submit I have been waiting for days.,technical_support,neutral,high,am getting server error when try submit waiting days
My data is not syncing between devices I am very frustrated.,technical_support,neutral,urgent,data not syncing between devices am very frustrated
I am furious about how my case was handled Thank you in advance.,complaint,negative,medium,am furious how case handled thank advance
Why was I charged more than I expected I have been waiting for days.,billing,neutral,urgent,why charged more than expected waiting days
I need to change my delivery address Thank you in advance.,shipping,negative,medium,need change delivery address thank advance
What features are included in the enterprise tier Please help me.,product_inquiry,positive,low,what features included enterprise tier please help
Would love to see monthly billing as an option I am very frustrated.,feedback,positive,low,love see monthly billing as option am very frustrated
I received the wrong item in my package,shipping,negative,high,received wrong item package
I was charged twice for my subscription this month,billing,negative,urgent,charged twice subscription month
I am furious about how my case was handled I am very frustrated.,complaint,negative,medium,am furious how case handled am very frustrated
I am very unhappy with the service I received I am very frustrated.,complaint,negative,high,am very unhappy service received am very frustrated
The mobile app is very slow and keeps freezing Thank you in advance.,technical_support,neutral,high,mobile app very slow keeps freezing thank advance
The tracking number is not updating Please help me.,shipping,neutral,low,tracking number not updating please help
I cannot log in to my account Please help me.,technical_support,neutral,urgent,cannot log account please help
My order has not arrived after 2 weeks This is urgent.,shipping,negative,low,order not arrived after weeks urgent
Can I expedite my shipping I am very frustrated.,shipping,negative,medium,can expedite shipping am very frustrated
I am getting a server error when I try to submit This is urgent.,technical_support,neutral,high,am getting server error when try submit urgent
My account was hacked and I need help This is urgent.,account,neutral,high,account hacked need help urgent
Can I expedite my shipping This is urgent.,shipping,negative,medium,can expedite shipping urgent
I want to return a product I bought last week I am very frustrated.,returns,neutral,medium,want return product bought last week am very frustrated
Does this product come with a warranty I have been waiting for days.,product_inquiry,neutral,medium,product come warranty waiting days
I received the wrong item in my package This is urgent.,shipping,neutral,medium,received wrong item package urgent
I cannot upload files through the platform I have been waiting for days.,technical_support,neutral,medium,cannot upload files through platform waiting days
I want to exchange my item for a different size,returns,negative,low,want exchange item different size
I was charged twice for my subscription this month I am very frustrated.,billing,negative,medium,charged twice subscription month am very frustrated
I can't update my credit card information I have been waiting for days.,billing,neutral,high,can update credit card information waiting days
Can I use the product on multiple devices,product_inquiry,positive,low,can use product multiple devices
I need to change my email address,account,neutral,low,need change email address
I forgot my password and cannot reset it,account,neutral,low,forgot password cannot reset
I have been waiting 10 days for a resolution Thank you in advance.,complaint,neutral,urgent,waiting 10 days resolution thank advance
I think the mobile app needs a dark mode I am very frustrated.,feedback,positive,low,think mobile app needs dark mode am very frustrated
The app crashes every time I open it I am very frustrated.,technical_support,neutral,high,app crashes every time open am very frustrated
Your platform is one of the best I have used,feedback,positive,low,platform one best used
Nobody is responding to my previous emails Thank you in advance.,complaint,negative,urgent,nobody responding previous emails thank advance
I want to cancel my subscription and get a refund I have been waiting for days.,billing,negative,medium,want cancel subscription get refund waiting days
I cannot verify my email address This is urgent.,account,neutral,low,cannot verify email address urgent
I am furious about how my case was handled Thank you in advance.,complaint,negative,high,am furious how case handled thank advance
I need to change my delivery address I am very frustrated.,shipping,negative,medium,need change delivery address am very frustrated
My account has been locked out,account,neutral,medium,account locked out
I love the new interface you released this week I am very frustrated.,feedback,positive,medium,love new interface released week am very frustrated
Please help me update my profile information Can someone assist me?,account,neutral,medium,please help update profile information can someone assist
I want to cancel my subscription and get a refund,billing,negative,urgent,want cancel subscription get refund
Please help me update my profile information Thank you in advance.,account,neutral,high,please help update profile information thank advance
I need a refund for the duplicate charge I have been waiting for days.,billing,negative,high,need refund duplicate charge waiting days
I have a suggestion for improving the checkout process I am very frustrated.,feedback,positive,low,suggestion improving checkout process am very frustrated
I need to change my email address This is urgent.,account,neutral,high,need change email address urgent
Do you have a free trial available I have been waiting for days.,product_inquiry,positive,low,free trial available waiting days
I am very unhappy with the service I received Can someone assist me?,complaint,negative,urgent,am very unhappy service received can someone assist
I cannot upload files through the platform I have been waiting for days.,technical_support,neutral,medium,cannot upload files through platform waiting days
I need a refund for the duplicate charge Please help me.,billing,negative,high,need refund duplicate charge please help
The website is showing an error 500 I am very frustrated.,technical_support,neutral,medium,website showing error 500 am very frustrated
I am very unhappy with the service I received Thank you in advance.,complaint,negative,urgent,am very unhappy service received thank advance
The app crashes every time I open it Please help me.,technical_support,neutral,urgent,app crashes every time open please help
I am considering switching to a competitor This is urgent.,complaint,neutral,urgent,am considering switching competitor urgent
How long will my order take to arrive Can someone assist me?,shipping,neutral,medium,how long order take arrive can someone assist
The app crashes every time I open it Thank you in advance.,technical_support,neutral,urgent,app crashes every time open thank advance
I am furious about how my case was handled This is urgent.,complaint,negative,medium,am furious how case handled urgent
I have been waiting 10 days for a resolution I have been waiting for days.,complaint,negative,high,waiting 10 days resolution waiting days
I am furious about how my case was handled Can someone assist me?,complaint,negative,high,am furious how case handled can someone assist
My payment was declined but money left my account Can someone assist me?,billing,negative,medium,payment declined money left account can someone assist
I received the wrong item in my package I am very frustrated.,shipping,negative,high,received wrong item package am very frustrated
The feature is not working as expected,technical_support,neutral,high,feature not working as expected
Why was I charged more than I expected I have been waiting for days.,billing,negative,urgent,why charged more than expected waiting days
How does the cancellation policy work Please help me.,product_inquiry,positive,low,how cancellation policy work please help
Nobody is responding to my previous emails Please help me.,complaint,negative,high,nobody responding previous emails please help
The website is showing an error 500 This is urgent.,technical_support,neutral,high,website showing error 500 urgent
How long will my order take to arrive I am very frustrated.,shipping,negative,medium,how long order take arrive am very frustrated
Nobody is responding to my previous emails Please help me.,complaint,neutral,high,nobody responding previous emails please help
My invoice shows an incorrect amount This is urgent.,billing,negative,high,invoice shows incorrect amount urgent
How does the cancellation policy work,product_inquiry,neutral,low,how cancellation policy work
What is the difference between plan A and plan B I am very frustrated.,product_inquiry,positive,low,what difference between plan plan am very frustrated
Does this product come with a warranty Thank you in advance.,product_inquiry,positive,low,product come warranty thank advance
The tracking number is not updating This is urgent.,shipping,negative,medium,tracking number not updating urgent
I am very unhappy with the service I received This is urgent.,complaint,negative,medium,am very unhappy service received urgent
Your agent was extremely rude and unhelpful This is urgent.,complaint,negative,high,agent extremely rude unhelpful urgent
I cannot upload files through the platform This is urgent.,technical_support,neutral,medium,cannot upload files through platform urgent
I am furious about how my case was handled I am very frustrated.,complaint,negative,medium,am furious how case handled am very frustrated
My account was hacked and I need help Thank you in advance.,account,neutral,high,account hacked need help thank advance
I was charged twice for my subscription this month,billing,neutral,high,charged twice subscription month
I cannot upload files through the platform Thank you in advance.,technical_support,neutral,medium,cannot upload files through platform thank advance
My account has been locked out I have been waiting for days.,account,neutral,low,account locked out waiting days
I have a suggestion for improving the checkout process Can someone assist me?,feedback,positive,low,suggestion improving checkout process can someone assist
My package was marked delivered but I did not receive it Thank you in advance.,shipping,negative,low,package marked delivered not receive thank advance
My invoice shows an incorrect amount Thank you in advance.,billing,negative,urgent,invoice shows incorrect amount thank advance
I think the mobile app needs a dark mode I am very frustrated.,feedback,positive,low,think mobile app needs dark mode am very frustrated
What are the specifications of your premium plan Can someone assist me?,product_inquiry,positive,low,what specifications premium plan can someone assist
Can I use the product on multiple devices Can someone assist me?,product_inquiry,positive,low,can use product multiple devices can someone assist
My return was rejected but the item was faulty,returns,negative,low,return rejected item faulty
I need a refund for the duplicate charge Please help me.,billing,negative,medium,need refund duplicate charge please help
My data is not syncing between devices,technical_support,neutral,urgent,data not syncing between devices
Thank you for resolving my issue so quickly I have been waiting for days.,feedback,positive,low,thank resolving issue quickly waiting days
This is the third time I have had this problem,complaint,negative,medium,third time problem
Does this product come with a warranty I am very frustrated.,product_inquiry,positive,low,product come warranty am very frustrated
I cannot log in to my account Thank you in advance.,technical_support,neutral,urgent,cannot log account thank advance
Would love to see monthly billing as an option This is urgent.,feedback,positive,low,love see monthly billing as option urgent
How do I initiate a return for a damaged item,returns,negative,low,how initiate return damaged item
I received the wrong item in my package Please help me.,shipping,negative,medium,received wrong item package please help
The customer support team was incredibly helpful Please help me.,feedback,positive,medium,customer support team incredibly helpful please help
I need to change my delivery address Please help me.,shipping,negative,medium,need change delivery address please help
I am considering switching to a competitor Can someone assist me?,complaint,negative,medium,am considering switching competitor can someone assist
The customer support team was incredibly helpful Can someone assist me?,feedback,positive,low,customer support team incredibly helpful can someone assist
My order was returned to sender I am very frustrated.,shipping,neutral,high,order returned sender am very frustrated
How long will my order take to arrive Thank you in advance.,shipping,negative,medium,how long order take arrive thank advance
What features are included in the enterprise tier This is urgent.,product_inquiry,positive,low,what features included enterprise tier urgent
I have been waiting 10 days for a resolution Please help me.,complaint,negative,high,waiting 10 days resolution please help
My payment was declined but money left my account Thank you in advance.,billing,neutral,medium,payment declined money left account thank advance
My return was rejected but the item was faulty,returns,negative,medium,return rejected item faulty
The return window was missed due to shipping delays Thank you in advance.,returns,neutral,low,return window missed due shipping delays thank advance
I am considering switching to a competitor I have been waiting for days.,complaint,negative,medium,am considering switching competitor waiting days
My account has been locked out This is urgent.,account,neutral,medium,account locked out urgent
My order was returned to sender Please help me.,shipping,negative,high,order returned sender please help
My package was marked delivered but I did not receive it Thank you in advance.,shipping,neutral,high,package marked delivered not receive thank advance
The website is showing an error 500 This is urgent.,technical_support,neutral,urgent,website showing error 500 urgent
Can I expedite my shipping I have been waiting for days.,shipping,negative,high,can expedite shipping waiting days
Your agent was extremely rude and unhelpful I have been waiting for days.,complaint,negative,high,agent extremely rude unhelpful waiting days
The mobile app is very slow and keeps freezing Thank you in advance.,technical_support,neutral,medium,mobile app very slow keeps freezing thank advance
I am furious about how my case was handled Can someone assist me?,complaint,negative,medium,am furious how case handled can someone assist
How long will my order take to arrive Thank you in advance.,shipping,negative,medium,how long order take arrive thank advance
I was charged twice for my subscription this month I am very frustrated.,billing,negative,high,charged twice subscription month am very frustrated
I need to change my delivery address,shipping,negative,low,need change delivery address
The website is showing an error 500 This is urgent.,technical_support,neutral,medium,website showing error 500 urgent
I need a refund for the duplicate charge I have been waiting for days.,billing,neutral,high,need refund duplicate charge waiting days
I cannot verify my email address,account,neutral,medium,cannot verify email address
What are the specifications of your premium plan I have been waiting for days.,product_inquiry,neutral,low,what specifications premium plan waiting days
The return window was missed due to shipping delays I have been waiting for days.,returns,negative,low,return window missed due shipping delays waiting days
The website is showing an error 500 Please help me.,technical_support,neutral,high,website showing error 500 please help
Please help me update my profile information I have been waiting for days.,account,neutral,high,please help update profile information waiting days
I want to exchange my item for a different size I have been waiting for days.,returns,negative,low,want exchange item different size waiting days
My account was hacked and I need help Thank you in advance.,account,neutral,low,account hacked need help thank advance
I can't update my credit card information Thank you in advance.,billing,negative,urgent,can update credit card information thank advance
My account has been locked out Thank you in advance.,account,neutral,high,account locked out thank advance
How long do refunds take to process This is urgent.,returns,negative,medium,how long refunds take process urgent
Your service has gone downhill significantly This is urgent.,complaint,negative,urgent,service gone downhill significantly urgent
My return was rejected but the item was faulty Thank you in advance.,returns,neutral,medium,return rejected item faulty thank advance
I have not received my refund after 2 weeks This is urgent.,returns,neutral,low,not received refund after weeks urgent
How do I initiate a return for a damaged item,returns,negative,low,how initiate return damaged item
The return window was missed due to shipping delays I have been waiting for days.,returns,negative,medium,return window missed due shipping delays waiting days
I have been waiting 10 days for a resolution,complaint,negative,high,waiting 10 days resolution
The feature is not working as expected This is urgent.,technical_support,neutral,medium,feature not working as expected urgent
Why was I charged more than I expected I am very frustrated.,billing,neutral,urgent,why charged more than expected am very frustrated
Can I use the product on multiple devices,product_inquiry,positive,low,can use product multiple devices
My payment was declined but money left my account I have been waiting for days.,billing,negative,high,payment declined money left account waiting days
I was charged twice for my subscription this month,billing,negative,urgent,charged twice subscription month
My payment was declined but money left my account Can someone assist me?,billing,negative,medium,payment declined money left account can someone assist
I want to delete my account and all my data I have been waiting for days.,account,neutral,medium,want delete account all data waiting days
I was charged twice for my subscription this month This is urgent.,billing,negative,urgent,charged twice subscription month urgent
Can I use the product on multiple devices Please help me.,product_inquiry,positive,low,can use product multiple devices please help
Is this service available in my country I have been waiting for days.,product_inquiry,positive,medium,service available country waiting days
I am getting a server error when I try to submit,technical_support,neutral,medium,am getting server error when try submit
Your platform is one of the best I have used This is urgent.,feedback,positive,low,platform one best used urgent
Thank you for resolving my issue so quickly Please help me.,feedback,neutral,medium,thank resolving issue quickly please help
My account has been locked out Thank you in advance.,account,neutral,high,account locked out thank advance
I cannot verify my email address I have been waiting for days.,account,neutral,high,cannot verify email address waiting days
What features are included in the enterprise tier Please help me.,product_inquiry,positive,medium,what features included enterprise tier please help
Overall great experience but the loading is a bit slow This is urgent.,feedback,neutral,low,overall great experience loading bit slow urgent
Would love to see monthly billing as an option Thank you in advance.,feedback,positive,low,love see monthly billing as option thank advance
The app crashes every time I open it Can someone assist me?,technical_support,neutral,high,app crashes every time open can someone assist
How long will my order take to arrive Can someone assist me?,shipping,neutral,medium,how long order take arrive can someone assist
I have a suggestion for improving the checkout process Can someone assist me?,feedback,positive,low,suggestion improving checkout process can someone assist
My bank account shows a charge but no confirmation Thank you in advance.,billing,negative,medium,bank account shows charge no confirmation thank advance
What are the specifications of your premium plan,product_inquiry,positive,medium,what specifications premium plan
I want to cancel my subscription and get a refund,billing,neutral,urgent,want cancel subscription get refund
I cannot log in to my account Thank you in advance.,technical_support,neutral,medium,cannot log account thank advance
What are the specifications of your premium plan I am very frustrated.,product_inquiry,positive,medium,what specifications premium plan am very frustrated
My payment was declined but money left my account Please help me.,billing,negative,medium,payment declined money left account please help
My invoice shows an incorrect amount,billing,negative,urgent,invoice shows incorrect amount
I cannot upload files through the platform Please help me.,technical_support,neutral,urgent,cannot upload files through platform please help
I forgot my password and cannot reset it I am very frustrated.,account,neutral,medium,forgot password cannot reset am very frustrated
Your agent was extremely rude and unhelpful I have been waiting for days.,complaint,negative,urgent,agent extremely rude unhelpful waiting days
The customer support team was incredibly helpful Can someone assist me?,feedback,positive,low,customer support team incredibly helpful can someone assist
What features are included in the enterprise tier Thank you in advance.,product_inquiry,positive,low,what features included enterprise tier thank advance
Can I expedite my shipping Thank you in advance.,shipping,negative,low,can expedite shipping thank advance
My package was marked delivered but I did not receive it I am very frustrated.,shipping,negative,high,package marked delivered not receive am very frustrated
Do you have a free trial available Thank you in advance.,product_inquiry,neutral,medium,free trial available thank advance
My data is not syncing between devices I have been waiting for days.,technical_support,neutral,high,data not syncing between devices waiting days
The tracking number is not updating I have been waiting for days.,shipping,negative,high,tracking number not updating waiting days
The customer support team was incredibly helpful Thank you in advance.,feedback,positive,medium,customer support team incredibly helpful thank advance
I need to change my email address Please help me.,account,neutral,low,need change email address please help
Why was I charged more than I expected Thank you in advance.,billing,negative,medium,why charged more than expected thank advance
My return was rejected but the item was faulty I have been waiting for days.,returns,negative,medium,return rejected item faulty waiting days
I have not received my refund after 2 weeks I am very frustrated.,returns,negative,medium,not received refund after weeks am very frustrated
The return window was missed due to shipping delays Can someone assist me?,returns,negative,medium,return window missed due shipping delays can someone assist
I want to delete my account and all my data I have been waiting for days.,account,neutral,high,want delete account all data waiting days
Why was I charged more than I expected I have been waiting for days.,billing,negative,urgent,why charged more than expected waiting days
The mobile app is very slow and keeps freezing Thank you in advance.,technical_support,neutral,urgent,mobile app very slow keeps freezing thank advance
I love the new interface you released this week I have been waiting for days.,feedback,neutral,low,love new interface released week waiting days
I have a suggestion for improving the checkout process Thank you in advance.,feedback,positive,medium,suggestion improving checkout process thank advance
I have a suggestion for improving the checkout process,feedback,positive,low,suggestion improving checkout process
My bank account shows a charge but no confirmation Can someone assist me?,billing,neutral,medium,bank account shows charge no confirmation can someone assist
The customer support team was incredibly helpful Thank you in advance.,feedback,positive,medium,customer support team incredibly helpful thank advance
The app crashes every time I open it Please help me.,technical_support,neutral,medium,app crashes every time open please help
Your service has gone downhill significantly I have been waiting for days.,complaint,negative,urgent,service gone downhill significantly waiting days
My data is not syncing between devices Please help me.,technical_support,neutral,high,data not syncing between devices please help
Please help me update my profile information I am very frustrated.,account,neutral,medium,please help update profile information am very frustrated
I cannot upload files through the platform This is urgent.,technical_support,neutral,high,cannot upload files through platform urgent
I cannot log in to my account This is urgent.,technical_support,neutral,high,cannot log account urgent
I am furious about how my case was handled,complaint,negative,high,am furious how case handled
Would love to see monthly billing as an option Please help me.,feedback,neutral,low,love see monthly billing as option please help
I forgot my password and cannot reset it I have been waiting for days.,account,neutral,medium,forgot password cannot reset waiting days
Nobody is responding to my previous emails,complaint,negative,urgent,nobody responding previous emails
The return window was missed due to shipping delays Can someone assist me?,returns,negative,low,return window missed due shipping delays can someone assist
Does this product come with a warranty I am very frustrated.,product_inquiry,positive,low,product come warranty am very frustrated
I forgot my password and cannot reset it,account,neutral,high,forgot password cannot reset
I cannot upload files through the platform Can someone assist me?,technical_support,neutral,medium,cannot upload files through platform can someone assist
I forgot my password and cannot reset it Can someone assist me?,account,neutral,medium,forgot password cannot reset can someone assist
Does this product come with a warranty Please help me.,product_inquiry,positive,low,product come warranty please help
Your service has gone downhill significantly Thank you in advance.,complaint,negative,urgent,service gone downhill significantly thank advance
I was charged twice for my subscription this month Thank you in advance.,billing,negative,high,charged twice subscription month thank advance
I want to exchange my item for a different size This is urgent.,returns,neutral,medium,want exchange item different size urgent
My order was returned to sender I am very frustrated.,shipping,neutral,medium,order returned sender am very frustrated
How do I initiate a return for a damaged item Can someone assist me?,returns,negative,low,how initiate return damaged item can someone assist
I want to return a product I bought last week I have been waiting for days.,returns,negative,medium,want return product bought last week waiting days
I am furious about how my case was handled I have been waiting for days.,complaint,negative,medium,am furious how case handled waiting days
Do you have a free trial available Thank you in advance.,product_inquiry,positive,low,free trial available thank advance
Overall great experience but the loading is a bit slow Can someone assist me?,feedback,positive,medium,overall great experience loading bit slow can someone assist
I want to return a product I bought last week This is urgent.,returns,negative,low,want return product bought last week urgent
I received the wrong item in my package I am very frustrated.,shipping,negative,medium,received wrong item package am very frustrated
I love the new interface you released this week This is urgent.,feedback,positive,low,love new interface released week urgent
I think the mobile app needs a dark mode Please help me.,feedback,positive,low,think mobile app needs dark mode please help
What are the specifications of your premium plan I am very frustrated.,product_inquiry,positive,medium,what specifications premium plan am very frustrated
I think the mobile app needs a dark mode I am very frustrated.,feedback,positive,low,think mobile app needs dark mode am very frustrated
My data is not syncing between devices,technical_support,neutral,urgent,data not syncing between devices
I received a defective product and need a replacement I have been waiting for days.,returns,negative,low,received defective product need replacement waiting days
The feature is not working as expected I have been waiting for days.,technical_support,neutral,medium,feature not working as expected waiting days
I cannot verify my email address Please help me.,account,neutral,medium,cannot verify email address please help
My return was rejected but the item was faulty Thank you in advance.,returns,neutral,low,return rejected item faulty thank advance
I need to change my email address I am very frustrated.,account,neutral,high,need change email address am very frustrated
I have been waiting 10 days for a resolution I have been waiting for days.,complaint,negative,medium,waiting 10 days resolution waiting days
I am considering switching to a competitor Can someone assist me?,complaint,neutral,high,am considering switching competitor can someone assist
My package was marked delivered but I did not receive it This is urgent.,shipping,negative,high,package marked delivered not receive urgent
The tracking number is not updating Thank you in advance.,shipping,negative,low,tracking number not updating thank advance
I cannot log in to my account Thank you in advance.,technical_support,neutral,medium,cannot log account thank advance
I think the mobile app needs a dark mode Can someone assist me?,feedback,positive,low,think mobile app needs dark mode can someone assist
What is the difference between plan A and plan B This is urgent.,product_inquiry,positive,low,what difference between plan plan urgent
How long do refunds take to process Please help me.,returns,negative,low,how long refunds take process please help
I want to delete my account and all my data I have been waiting for days.,account,neutral,low,want delete account all data waiting days
I cannot log in to my account This is urgent.,technical_support,neutral,medium,cannot log account urgent
I am furious about how my case was handled I am very frustrated.,complaint,negative,urgent,am furious how case handled am very frustrated
What is the difference between plan A and plan B,product_inquiry,neutral,low,what difference between plan plan
I received the wrong item in my package This is urgent.,shipping,negative,low,received wrong item package urgent
My order has not arrived after 2 weeks Please help me.,shipping,neutral,low,order not arrived after weeks please help
What features are included in the enterprise tier I have been waiting for days.,product_inquiry,positive,low,what features included enterprise tier waiting days
Can I use the product on multiple devices I have been waiting for days.,product_inquiry,positive,low,can use product multiple devices waiting days
Does this product come with a warranty,product_inquiry,neutral,medium,product come warranty
I want to exchange my item for a different size Can someone assist me?,returns,negative,low,want exchange item different size can someone assist
The website is showing an error 500 Thank you in advance.,technical_support,neutral,medium,website showing error 500 thank advance
I forgot my password and cannot reset it Thank you in advance.,account,neutral,high,forgot password cannot reset thank advance
Can I use the product on multiple devices This is urgent.,product_inquiry,neutral,low,can use product multiple devices urgent
What are the specifications of your premium plan Can someone assist me?,product_inquiry,positive,low,what specifications premium plan can someone assist
Please help me update my profile information Can someone assist me?,account,neutral,high,please help update profile information can someone assist
My bank account shows a charge but no confirmation Can someone assist me?,billing,negative,medium,bank account shows charge no confirmation can someone assist
I was charged twice for my subscription this month Can someone assist me?,billing,negative,high,charged twice subscription month can someone assist
I cannot verify my email address Can someone assist me?,account,neutral,low,cannot verify email address can someone assist
My order was returned to sender I have been waiting for days.,shipping,negative,medium,order returned sender waiting days
Nobody is responding to my previous emails Thank you in advance.,complaint,neutral,medium,nobody responding previous emails thank advance
I received a defective product and need a replacement This is urgent.,returns,negative,medium,received defective product need replacement urgent
This is the third time I have had this problem I am very frustrated.,complaint,negative,high,third time problem am very frustrated
Nobody is responding to my previous emails Please help me.,complaint,negative,urgent,nobody responding previous emails please help
I need a refund for the duplicate charge,billing,negative,high,need refund duplicate charge
My payment was declined but money left my account Please help me.,billing,neutral,urgent,payment declined money left account please help
My order has not arrived after 2 weeks Thank you in advance.,shipping,negative,medium,order not arrived after weeks thank advance
I am considering switching to a competitor,complaint,negative,medium,am considering switching competitor
I am considering switching to a competitor Can someone assist me?,complaint,neutral,medium,am considering switching competitor can someone assist
I need a refund for the duplicate charge I am very frustrated.,billing,negative,high,need refund duplicate charge am very frustrated
I am furious about how my case was handled Can someone assist me?,complaint,negative,medium,am furious how case handled can someone assist
The website is showing an error 500 Thank you in advance.,technical_support,neutral,high,website showing error 500 thank advance
The return window was missed due to shipping delays Can someone assist me?,returns,negative,low,return window missed due shipping delays can someone assist
My return was rejected but the item was faulty Can someone assist me?,returns,neutral,medium,return rejected item faulty can someone assist
How long will my order take to arrive,shipping,negative,medium,how long order take arrive
Overall great experience but the loading is a bit slow I am very frustrated.,feedback,positive,low,overall great experience loading bit slow am very frustrated
How does the cancellation policy work Thank you in advance.,product_inquiry,positive,low,how cancellation policy work thank advance
I am considering switching to a competitor I have been waiting for days.,complaint,negative,high,am considering switching competitor waiting days
I can't update my credit card information This is urgent.,billing,negative,urgent,can update credit card information urgent
I need a refund for the duplicate charge Can someone assist me?,billing,negative,medium,need refund duplicate charge can someone assist
My order was returned to sender Thank you in advance.,shipping,negative,medium,order returned sender thank advance
I received a defective product and need a replacement Thank you in advance.,returns,negative,medium,received defective product need replacement thank advance
I am getting a server error when I try to submit I have been waiting for days.,technical_support,neutral,medium,am getting server error when try submit waiting days
How long will my order take to arrive Please help me.,shipping,negative,low,how long order take arrive please help
My account has been locked out Please help me.,account,neutral,high,account locked out please help
I want to exchange my item for a different size This is urgent.,returns,negative,low,want exchange item different size urgent
What features are included in the enterprise tier Can someone assist me?,product_inquiry,positive,low,what features included enterprise tier can someone assist
Would love to see monthly billing as an option,feedback,positive,low,love see monthly billing as option
Would love to see monthly billing as an option Please help me.,feedback,positive,low,love see monthly billing as option please help
I think the mobile app needs a dark mode I have been waiting for days.,feedback,neutral,low,think mobile app needs dark mode waiting days
Your agent was extremely rude and unhelpful Thank you in advance.,complaint,neutral,high,agent extremely rude unhelpful thank advance
Your agent was extremely rude and unhelpful This is urgent.,complaint,negative,urgent,agent extremely rude unhelpful urgent
I am considering switching to a competitor Thank you in advance.,complaint,negative,medium,am considering switching competitor thank advance
How does the cancellation policy work Can someone assist me?,product_inquiry,neutral,medium,how cancellation policy work can someone assist
Do you have a free trial available I have been waiting for days.,product_inquiry,positive,medium,free trial available waiting days
My order was returned to sender,shipping,neutral,medium,order returned sender
Your agent was extremely rude and unhelpful Can someone assist me?,complaint,negative,high,agent extremely rude unhelpful can someone assist
My invoice shows an incorrect amount This is urgent.,billing,neutral,medium,invoice shows incorrect amount urgent
I am considering switching to a competitor Please help me.,complaint,negative,medium,am considering switching competitor please help
My payment was declined but money left my account I have been waiting for days.,billing,neutral,high,payment declined money left account waiting days
What features are included in the enterprise tier This is urgent.,product_inquiry,positive,low,what features included enterprise tier urgent
Is this service available in my country Can someone assist me?,product_inquiry,positive,medium,service available country can someone assist
Does this product come with a warranty,product_inquiry,neutral,medium,product come warranty
The tracking number is not updating,shipping,negative,high,tracking number not updating
This is the third time I have had this problem I have been waiting for days.,complaint,negative,medium,third time problem waiting days
I need to change my delivery address I have been waiting for days.,shipping,negative,medium,need change delivery address waiting days
I need to change my email address Thank you in advance.,account,neutral,high,need change email address thank advance
Thank you for resolving my issue so quickly I have been waiting for days.,feedback,positive,low,thank resolving issue quickly waiting days
I need to merge two accounts Can someone assist me?,account,neutral,low,need merge two accounts can someone assist
The website is showing an error 500 This is urgent.,technical_support,neutral,medium,website showing error 500 urgent
I received a defective product and need a replacement I have been waiting for days.,returns,negative,low,received defective product need replacement waiting days
I love the new interface you released this week I am very frustrated.,feedback,positive,low,love new interface released week am very frustrated
I cannot log in to my account Can someone assist me?,technical_support,neutral,medium,cannot log account can someone assist
I was charged twice for my subscription this month,billing,negative,high,charged twice subscription month
My account has been locked out I have been waiting for days.,account,neutral,high,account locked out waiting days
I cannot log in to my account I am very frustrated.,technical_support,neutral,medium,cannot log account am very frustrated
The mobile app is very slow and keeps freezing I have been waiting for days.,technical_support,neutral,urgent,mobile app very slow keeps freezing waiting days
Does this product come with a warranty Thank you in advance.,product_inquiry,neutral,low,product come warranty thank advance
My order was returned to sender,shipping,negative,low,order returned sender
I received the wrong item in my package This is urgent.,shipping,neutral,high,received wrong item package urgent
My package was marked delivered but I did not receive it Please help me.,shipping,negative,low,package marked delivered not receive please help
My payment was declined but money left my account Thank you in advance.,billing,negative,urgent,payment declined money left account thank advance
Can I expedite my shipping Thank you in advance.,shipping,negative,low,can expedite shipping thank advance
The tracking number is not updating Can someone assist me?,shipping,negative,low,tracking number not updating can someone assist
I can't update my credit card information Thank you in advance.,billing,negative,medium,can update credit card information thank advance
I received the wrong item in my package Thank you in advance.,shipping,neutral,low,received wrong item package thank advance
What features are included in the enterprise tier Can someone assist me?,product_inquiry,neutral,low,what features included enterprise tier can someone assist
Please help me update my profile information I am very frustrated.,account,neutral,high,please help update profile information am very frustrated
I need a refund for the duplicate charge Please help me.,billing,neutral,high,need refund duplicate charge please help
I have been waiting 10 days for a resolution,complaint,negative,high,waiting 10 days resolution
How long will my order take to arrive I am very frustrated.,shipping,negative,high,how long order take arrive am very frustrated
How long will my order take to arrive This is urgent.,shipping,negative,medium,how long order take arrive urgent
The feature is not working as expected Can someone assist me?,technical_support,neutral,urgent,feature not working as expected can someone assist
Your platform is one of the best I have used I am very frustrated.,feedback,positive,low,platform one best used am very frustrated
I need to change my email address I am very frustrated.,account,neutral,low,need change email address am very frustrated
My return was rejected but the item was faulty I have been waiting for days.,returns,negative,low,return rejected item faulty waiting days
Can I expedite my shipping I have been waiting for days.,shipping,negative,low,can expedite shipping waiting days
My order was returned to sender I have been waiting for days.,shipping,negative,medium,order returned sender waiting days
This is the third time I have had this problem This is urgent.,complaint,negative,high,third time problem urgent
I need to change my email address This is urgent.,account,neutral,medium,need change email address urgent
Is this service available in my country Can someone assist me?,product_inquiry,positive,low,service available country can someone assist
This is the third time I have had this problem Thank you in advance.,complaint,negative,urgent,third time problem thank advance
I want to cancel my subscription and get a refund I am very frustrated.,billing,negative,high,want cancel subscription get refund am very frustrated
My order was returned to sender,shipping,negative,medium,order returned sender
Thank you for resolving my issue so quickly This is urgent.,feedback,positive,medium,thank resolving issue quickly urgent
The app crashes every time I open it This is urgent.,technical_support,neutral,medium,app crashes every time open urgent
How do I initiate a return for a damaged item,returns,neutral,low,how initiate return damaged item
My account has been locked out I have been waiting for days.,account,neutral,low,account locked out waiting days
My return was rejected but the item was faulty Thank you in advance.,returns,neutral,low,return rejected item faulty thank advance
I love the new interface you released this week Can someone assist me?,feedback,positive,low,love new interface released week can someone assist
I need a refund for the duplicate charge Please help me.,billing,neutral,high,need refund duplicate charge please help
The feature is not working as expected I have been waiting for days.,technical_support,neutral,high,feature not working as expected waiting days
My order has not arrived after 2 weeks Can someone assist me?,shipping,negative,high,order not arrived after weeks can someone assist
Your service has gone downhill significantly I have been waiting for days.,complaint,negative,urgent,service gone downhill significantly waiting days
My data is not syncing between devices Thank you in advance.,technical_support,neutral,medium,data not syncing between devices thank advance
I want to cancel my subscription and get a refund I am very frustrated.,billing,negative,medium,want cancel subscription get refund am very frustrated
I can't update my credit card information Please help me.,billing,negative,high,can update credit card information please help
My payment was declined but money left my account Can someone assist me?,billing,negative,medium,payment declined money left account can someone assist
My package was marked delivered but I did not receive it I have been waiting for days.,shipping,negative,low,package marked delivered not receive waiting days
I have been waiting 10 days for a resolution I have been waiting for days.,complaint,neutral,medium,waiting 10 days resolution waiting days
Thank you for resolving my issue so quickly Please help me.,feedback,neutral,low,thank resolving issue quickly please help
Would love to see monthly billing as an option Please help me.,feedback,positive,low,love see monthly billing as option please help
I need to change my email address,account,neutral,high,need change email address
I am very unhappy with the service I received I am very frustrated.,complaint,neutral,medium,am very unhappy service received am very frustrated
I received a defective product and need a replacement Please help me.,returns,negative,low,received defective product need replacement please help
My package was marked delivered but I did not receive it Thank you in advance.,shipping,neutral,high,package marked delivered not receive thank advance
My return was rejected but the item was faulty Please help me.,returns,negative,low,return rejected item faulty please help
I want to delete my account and all my data I have been waiting for days.,account,neutral,high,want delete account all data waiting days
My payment was declined but money left my account I am very frustrated.,billing,negative,high,payment declined money left account am very frustrated
I need to change my delivery address Please help me.,shipping,negative,medium,need change delivery address please help
Your service has gone downhill significantly This is urgent.,complaint,negative,urgent,service gone downhill significantly urgent
I was charged twice for my subscription this month Please help me.,billing,negative,medium,charged twice subscription month please help
I think the mobile app needs a dark mode Can someone assist me?,feedback,positive,low,think mobile app needs dark mode can someone assist
The tracking number is not updating I have been waiting for days.,shipping,negative,medium,tracking number not updating waiting days
Your platform is one of the best I have used This is urgent.,feedback,positive,low,platform one best used urgent
Your platform is one of the best I have used I am very frustrated.,feedback,neutral,medium,platform one best used am very frustrated
The feature is not working as expected,technical_support,neutral,medium,feature not working as expected
I want to exchange my item for a different size Please help me.,returns,neutral,low,want exchange item different size please help
I love the new interface you released this week This is urgent.,feedback,positive,low,love new interface released week urgent
Your agent was extremely rude and unhelpful,complaint,negative,urgent,agent extremely rude unhelpful
Is this service available in my country Thank you in advance.,product_inquiry,positive,low,service available country thank advance
I need a refund for the duplicate charge Thank you in advance.,billing,negative,medium,need refund duplicate charge thank advance
I received the wrong item in my package I am very frustrated.,shipping,negative,high,received wrong item package am very frustrated
Please help me update my profile information,account,neutral,high,please help update profile information
I am very unhappy with the service I received,complaint,negative,urgent,am very unhappy service received
Do you have a free trial available Thank you in advance.,product_inquiry,positive,low,free trial available thank advance
Your service has gone downhill significantly,complaint,negative,urgent,service gone downhill significantly
Would love to see monthly billing as an option Can someone assist me?,feedback,positive,low,love see monthly billing as option can someone assist
I received a defective product and need a replacement This is urgent.,returns,negative,low,received defective product need replacement urgent
Overall great experience but the loading is a bit slow This is urgent.,feedback,positive,low,overall great experience loading bit slow urgent
I want to exchange my item for a different size Please help me.,returns,negative,low,want exchange item different size please help
I cannot verify my email address I am very frustrated.,account,neutral,low,cannot verify email address am very frustrated
I want to delete my account and all my data Can someone assist me?,account,neutral,medium,want delete account all data can someone assist
I think the mobile app needs a dark mode I am very frustrated.,feedback,positive,low,think mobile app needs dark mode am very frustrated
How does the cancellation policy work,product_inquiry,positive,medium,how cancellation policy work
I can't update my credit card information I am very frustrated.,billing,neutral,high,can update credit card information am very frustrated
I need to change my email address Can someone assist me?,account,neutral,low,need change email address can someone assist
I received a defective product and need a replacement Thank you in advance.,returns,negative,medium,received defective product need replacement thank advance
My invoice shows an incorrect amount Can someone assist me?,billing,neutral,high,invoice shows incorrect amount can someone assist
How does the cancellation policy work Thank you in advance.,product_inquiry,positive,low,how cancellation policy work thank advance
The customer support team was incredibly helpful Can someone assist me?,feedback,positive,medium,customer support team incredibly helpful can someone assist
I think the mobile app needs a dark mode This is urgent.,feedback,positive,medium,think mobile app needs dark mode urgent
I am getting a server error when I try to submit I have been waiting for days.,technical_support,neutral,medium,am getting server error when try submit waiting days
My data is not syncing between devices,technical_support,neutral,high,data not syncing between devices
This is the third time I have had this problem,complaint,negative,urgent,third time problem
I can't update my credit card information Thank you in advance.,billing,negative,urgent,can update credit card information thank advance
Your platform is one of the best I have used Thank you in advance.,feedback,positive,low,platform one best used thank advance
I have not received my refund after 2 weeks Thank you in advance.,returns,negative,low,not received refund after weeks thank advance
Your agent was extremely rude and unhelpful Thank you in advance.,complaint,negative,high,agent extremely rude unhelpful thank advance
My account has been locked out I have been waiting for days.,account,neutral,high,account locked out waiting days
How does the cancellation policy work Please help me.,product_inquiry,positive,low,how cancellation policy work please help
What are the specifications of your premium plan I am very frustrated.,product_inquiry,positive,low,what specifications premium plan am very frustrated
Overall great experience but the loading is a bit slow I have been waiting for days.,feedback,neutral,low,overall great experience loading bit slow waiting days
My order has not arrived after 2 weeks Please help me.,shipping,neutral,medium,order not arrived after weeks please help
I think the mobile app needs a dark mode I have been waiting for days.,feedback,positive,medium,think mobile app needs dark mode waiting days
Can I expedite my shipping I am very frustrated.,shipping,negative,medium,can expedite shipping am very frustrated
How do I initiate a return for a damaged item Please help me.,returns,negative,medium,how initiate return damaged item please help
Thank you for resolving my issue so quickly Thank you in advance.,feedback,positive,low,thank resolving issue quickly thank advance
Can I expedite my shipping I have been waiting for days.,shipping,negative,low,can expedite shipping waiting days
Do you have a free trial available Please help me.,product_inquiry,positive,low,free trial available please help
My payment was declined but money left my account I have been waiting for days.,billing,negative,medium,payment declined money left account waiting days
I forgot my password and cannot reset it,account,neutral,medium,forgot password cannot reset
I want to return a product I bought last week Thank you in advance.,returns,negative,low,want return product bought last week thank advance
I am very unhappy with the service I received Please help me.,complaint,neutral,medium,am very unhappy service received please help
I think the mobile app needs a dark mode This is urgent.,feedback,positive,low,think mobile app needs dark mode urgent
How do I initiate a return for a damaged item I am very frustrated.,returns,neutral,medium,how initiate return damaged item am very frustrated
My bank account shows a charge but no confirmation I am very frustrated.,billing,negative,medium,bank account shows charge no confirmation am very frustrated
Your agent was extremely rude and unhelpful Please help me.,complaint,negative,medium,agent extremely rude unhelpful please help
I want to exchange my item for a different size I have been waiting for days.,returns,neutral,low,want exchange item different size waiting days
I forgot my password and cannot reset it I have been waiting for days.,account,neutral,low,forgot password cannot reset waiting days
Please help me update my profile information I have been waiting for days.,account,neutral,medium,please help update profile information waiting days
I need to change my email address Can someone assist me?,account,neutral,low,need change email address can someone assist
I have a suggestion for improving the checkout process I have been waiting for days.,feedback,positive,low,suggestion improving checkout process waiting days
I want to exchange my item for a different size Please help me.,returns,negative,medium,want exchange item different size please help
I love the new interface you released this week Thank you in advance.,feedback,neutral,low,love new interface released week thank advance
Do you have a free trial available I am very frustrated.,product_inquiry,positive,medium,free trial available am very frustrated
I cannot log in to my account Thank you in advance.,technical_support,neutral,high,cannot log account thank advance
Overall great experience but the loading is a bit slow I am very frustrated.,feedback,positive,low,overall great experience loading bit slow am very frustrated
Your service has gone downhill significantly I am very frustrated.,complaint,negative,high,service gone downhill significantly am very frustrated
Your platform is one of the best I have used Thank you in advance.,feedback,neutral,medium,platform one best used thank advance
I have not received my refund after 2 weeks I have been waiting for days.,returns,negative,low,not received refund after weeks waiting days
I cannot verify my email address I am very frustrated.,account,neutral,medium,cannot verify email address am very frustrated
What is the difference between plan A and plan B I have been waiting for days.,product_inquiry,positive,low,what difference between plan plan waiting days
Nobody is responding to my previous emails,complaint,negative,medium,nobody responding previous emails
I cannot verify my email address Please help me.,account,neutral,low,cannot verify email address please help
Your agent was extremely rude and unhelpful I have been waiting for days.,complaint,neutral,urgent,agent extremely rude unhelpful waiting days
I cannot log in to my account Please help me.,technical_support,neutral,medium,cannot log account please help
My return was rejected but the item was faulty This is urgent.,returns,neutral,low,return rejected item faulty urgent
How do I initiate a return for a damaged item I am very frustrated.,returns,negative,medium,how initiate return damaged item am very frustrated
What features are included in the enterprise tier I am very frustrated.,product_inquiry,positive,low,what features included enterprise tier am very frustrated
I need to change my delivery address I am very frustrated.,shipping,neutral,low,need change delivery address am very frustrated
I received a defective product and need a replacement,returns,negative,low,received defective product need replacement
I think the mobile app needs a dark mode I have been waiting for days.,feedback,positive,low,think mobile app needs dark mode waiting days
What are the specifications of your premium plan Can someone assist me?,product_inquiry,positive,low,what specifications premium plan can someone assist
I cannot upload files through the platform Please help me.,technical_support,neutral,high,cannot upload files through platform please help
I need a refund for the duplicate charge This is urgent.,billing,negative,medium,need refund duplicate charge urgent
The tracking number is not updating This is urgent.,shipping,negative,medium,tracking number not updating urgent
I think the mobile app needs a dark mode Thank you in advance.,feedback,positive,medium,think mobile app needs dark mode thank advance
My package was marked delivered but I did not receive it I have been waiting for days.,shipping,negative,low,package marked delivered not receive waiting days
Overall great experience but the loading is a bit slow I am very frustrated.,feedback,positive,low,overall great experience loading bit slow am very frustrated
My package was marked delivered but I did not receive it This is urgent.,shipping,neutral,low,package marked delivered not receive urgent
My payment was declined but money left my account I have been waiting for days.,billing,negative,urgent,payment declined money left account waiting days
What features are included in the enterprise tier I am very frustrated.,product_inquiry,positive,low,what features included enterprise tier am very frustrated
Why was I charged more than I expected I am very frustrated.,billing,negative,high,why charged more than expected am very frustrated
My bank account shows a charge but no confirmation,billing,negative,high,bank account shows charge no confirmation
Overall great experience but the loading is a bit slow Thank you in advance.,feedback,neutral,medium,overall great experience loading bit slow thank advance
The feature is not working as expected I am very frustrated.,technical_support,neutral,medium,feature not working as expected am very frustrated
I think the mobile app needs a dark mode I am very frustrated.,feedback,positive,medium,think mobile app needs dark mode am very frustrated
Your agent was extremely rude and unhelpful I am very frustrated.,complaint,negative,medium,agent extremely rude unhelpful am very frustrated
How does the cancellation policy work This is urgent.,product_inquiry,positive,low,how cancellation policy work urgent
Nobody is responding to my previous emails This is urgent.,complaint,negative,urgent,nobody responding previous emails urgent
My bank account shows a charge but no confirmation Please help me.,billing,neutral,high,bank account shows charge no confirmation please help
I love the new interface you released this week This is urgent.,feedback,positive,low,love new interface released week urgent
I received a defective product and need a replacement,returns,negative,low,received defective product need replacement
Your service has gone downhill significantly Thank you in advance.,complaint,negative,medium,service gone downhill significantly thank advance
My invoice shows an incorrect amount I am very frustrated.,billing,neutral,urgent,invoice shows incorrect amount am very frustrated
The website is showing an error 500 Can someone assist me?,technical_support,neutral,medium,website showing error 500 can someone assist
I want to delete my account and all my data This is urgent.,account,neutral,high,want delete account all data urgent
I want to return a product I bought last week Please help me.,returns,negative,low,want return product bought last week please help
I need to merge two accounts Thank you in advance.,account,neutral,medium,need merge two accounts thank advance
I received a defective product and need a replacement I am very frustrated.,returns,negative,medium,received defective product need replacement am very frustrated
I need to merge two accounts,account,neutral,high,need merge two accounts
I have not received my refund after 2 weeks I am very frustrated.,returns,negative,low,not received refund after weeks am very frustrated
The app crashes every time I open it Can someone assist me?,technical_support,neutral,high,app crashes every time open can someone assist
I was charged twice for my subscription this month This is urgent.,billing,negative,medium,charged twice subscription month urgent
How long do refunds take to process This is urgent.,returns,negative,low,how long refunds take process urgent
Thank you for resolving my issue so quickly I have been waiting for days.,feedback,positive,medium,thank resolving issue quickly waiting days
I am considering switching to a competitor Thank you in advance.,complaint,negative,high,am considering switching competitor thank advance
I received a defective product and need a replacement This is urgent.,returns,negative,medium,received defective product need replacement urgent
I have a suggestion for improving the checkout process Thank you in advance.,feedback,positive,medium,suggestion improving checkout process thank advance
How does the cancellation policy work Can someone assist me?,product_inquiry,positive,low,how cancellation policy work can someone assist
I love the new interface you released this week Please help me.,feedback,positive,low,love new interface released week please help
I want to cancel my subscription and get a refund Can someone assist me?,billing,negative,high,want cancel subscription get refund can someone assist
My return was rejected but the item was faulty Thank you in advance.,returns,negative,low,return rejected item faulty thank advance
I forgot my password and cannot reset it,account,neutral,high,forgot password cannot reset
What is the difference between plan A and plan B I have been waiting for days.,product_inquiry,positive,medium,what difference between plan plan waiting days
What is the difference between plan A and plan B Please help me.,product_inquiry,positive,medium,what difference between plan plan please help
I am getting a server error when I try to submit,technical_support,neutral,urgent,am getting server error when try submit
Can I use the product on multiple devices Please help me.,product_inquiry,neutral,low,can use product multiple devices please help
The feature is not working as expected Can someone assist me?,technical_support,neutral,medium,feature not working as expected can someone assist
Your agent was extremely rude and unhelpful This is urgent.,complaint,negative,high,agent extremely rude unhelpful urgent
Does this product come with a warranty Can someone assist me?,product_inquiry,neutral,low,product come warranty can someone assist
The app crashes every time I open it I am very frustrated.,technical_support,neutral,medium,app crashes every time open am very frustrated
Your agent was extremely rude and unhelpful,complaint,neutral,urgent,agent extremely rude unhelpful
I want to delete my account and all my data Thank you in advance.,account,neutral,medium,want delete account all data thank advance
I want to return a product I bought last week This is urgent.,returns,negative,low,want return product bought last week urgent
My order has not arrived after 2 weeks This is urgent.,shipping,negative,medium,order not arrived after weeks urgent
My order has not arrived after 2 weeks I have been waiting for days.,shipping,negative,medium,order not arrived after weeks waiting days
The customer support team was incredibly helpful,feedback,positive,low,customer support team incredibly helpful
My invoice shows an incorrect amount Can someone assist me?,billing,neutral,urgent,invoice shows incorrect amount can someone assist
My data is not syncing between devices This is urgent.,technical_support,neutral,high,data not syncing between devices urgent
I want to exchange my item for a different size I am very frustrated.,returns,negative,low,want exchange item different size am very frustrated
Can I use the product on multiple devices Thank you in advance.,product_inquiry,positive,low,can use product multiple devices thank advance
I have a suggestion for improving the checkout process,feedback,positive,low,suggestion improving checkout process
Your platform is one of the best I have used Can someone assist me?,feedback,positive,low,platform one best used can someone assist
I received the wrong item in my package I have been waiting for days.,shipping,neutral,low,received wrong item package waiting days
My payment was declined but money left my account Thank you in advance.,billing,negative,medium,payment declined money left account thank advance
Why was I charged more than I expected I have been waiting for days.,billing,neutral,urgent,why charged more than expected waiting days
I think the mobile app needs a dark mode This is urgent.,feedback,positive,low,think mobile app needs dark mode urgent
How do I initiate a return for a damaged item Can someone assist me?,returns,negative,low,how initiate return damaged item can someone assist
I received the wrong item in my package Can someone assist me?,shipping,negative,high,received wrong item package can someone assist
I forgot my password and cannot reset it I am very frustrated.,account,neutral,low,forgot password cannot reset am very frustrated
I cannot upload files through the platform,technical_support,neutral,high,cannot upload files through platform
What features are included in the enterprise tier Thank you in advance.,product_inquiry,neutral,medium,what features included enterprise tier thank advance
My package was marked delivered but I did not receive it Can someone assist me?,shipping,negative,high,package marked delivered not receive can someone assist
Overall great experience but the loading is a bit slow I am very frustrated.,feedback,positive,low,overall great experience loading bit slow am very frustrated
I am furious about how my case was handled This is urgent.,complaint,neutral,medium,am furious how case handled urgent
My data is not syncing between devices Can someone assist me?,technical_support,neutral,medium,data not syncing between devices can someone assist
The mobile app is very slow and keeps freezing Thank you in advance.,technical_support,neutral,high,mobile app very slow keeps freezing thank advance
How long do refunds take to process I am very frustrated.,returns,negative,low,how long refunds take process am very frustrated
The return window was missed due to shipping delays This is urgent.,returns,neutral,medium,return window missed due shipping delays urgent
I think the mobile app needs a dark mode Please help me.,feedback,positive,medium,think mobile app needs dark mode please help
My account has been locked out I am very frustrated.,account,neutral,low,account locked out am very frustrated
I want to cancel my subscription and get a refund I am very frustrated.,billing,negative,urgent,want cancel subscription get refund am very frustrated
The app crashes every time I open it This is urgent.,technical_support,neutral,high,app crashes every time open urgent
I received a defective product and need a replacement Can someone assist me?,returns,negative,low,received defective product need replacement can someone assist
My package was marked delivered but I did not receive it Can someone assist me?,shipping,negative,low,package marked delivered not receive can someone assist
Please help me update my profile information Thank you in advance.,account,neutral,medium,please help update profile information thank advance
I want to return a product I bought last week,returns,negative,medium,want return product bought last week
This is the third time I have had this problem I have been waiting for days.,complaint,negative,medium,third time problem waiting days
Nobody is responding to my previous emails This is urgent.,complaint,negative,medium,nobody responding previous emails urgent
How do I initiate a return for a damaged item Can someone assist me?,returns,neutral,low,how initiate return damaged item can someone assist
I am considering switching to a competitor Please help me.,complaint,neutral,high,am considering switching competitor please help
Please help me update my profile information Please help me.,account,neutral,low,please help update profile information please help
The tracking number is not updating Please help me.,shipping,negative,high,tracking number not updating please help
Do you have a free trial available Please help me.,product_inquiry,positive,medium,free trial available please help
This is the third time I have had this problem Thank you in advance.,complaint,neutral,medium,third time problem thank advance
What is the difference between plan A and plan B I am very frustrated.,product_inquiry,positive,low,what difference between plan plan am very frustrated
Do you have a free trial available I am very frustrated.,product_inquiry,positive,medium,free trial available am very frustrated
Your agent was extremely rude and unhelpful I have been waiting for days.,complaint,neutral,urgent,agent extremely rude unhelpful waiting days
I want to exchange my item for a different size Thank you in advance.,returns,neutral,low,want exchange item different size thank advance
My account was hacked and I need help Thank you in advance.,account,neutral,medium,account hacked need help thank advance
Is this service available in my country This is urgent.,product_inquiry,positive,medium,service available country urgent
I was charged twice for my subscription this month I am very frustrated.,billing,neutral,medium,charged twice subscription month am very frustrated
My order was returned to sender This is urgent.,shipping,negative,high,order returned sender urgent
Can I expedite my shipping,shipping,negative,high,can expedite shipping
How do I initiate a return for a damaged item I have been waiting for days.,returns,negative,medium,how initiate return damaged item waiting days
How long do refunds take to process,returns,negative,low,how long refunds take process
My account has been locked out I am very frustrated.,account,neutral,high,account locked out am very frustrated
The return window was missed due to shipping delays Please help me.,returns,negative,low,return window missed due shipping delays please help
Would love to see monthly billing as an option Can someone assist me?,feedback,positive,low,love see monthly billing as option can someone assist
Why was I charged more than I expected Thank you in advance.,billing,negative,medium,why charged more than expected thank advance
My package was marked delivered but I did not receive it This is urgent.,shipping,negative,high,package marked delivered not receive urgent
My package was marked delivered but I did not receive it I am very frustrated.,shipping,negative,high,package marked delivered not receive am very frustrated
My payment was declined but money left my account Thank you in advance.,billing,negative,high,payment declined money left account thank advance
My account has been locked out This is urgent.,account,neutral,high,account locked out urgent
I want to exchange my item for a different size Please help me.,returns,negative,low,want exchange item different size please help
What are the specifications of your premium plan,product_inquiry,positive,low,what specifications premium plan
I received a defective product and need a replacement Please help me.,returns,negative,low,received defective product need replacement please help
The return window was missed due to shipping delays Can someone assist me?,returns,neutral,low,return window missed due shipping delays can someone assist
Is this service available in my country Thank you in advance.,product_inquiry,positive,low,service available country thank advance
I want to delete my account and all my data This is urgent.,account,neutral,low,want delete account all data urgent
I received the wrong item in my package,shipping,negative,medium,received wrong item package
Your platform is one of the best I have used I am very frustrated.,feedback,positive,medium,platform one best used am very frustrated
Thank you for resolving my issue so quickly,feedback,neutral,low,thank resolving issue quickly
I need to merge two accounts Thank you in advance.,account,neutral,high,need merge two accounts thank advance
I need a refund for the duplicate charge,billing,negative,high,need refund duplicate charge
I want to delete my account and all my data This is urgent.,account,neutral,high,want delete account all data urgent
The return window was missed due to shipping delays I have been waiting for days.,returns,neutral,low,return window missed due shipping delays waiting days
Your agent was extremely rude and unhelpful,complaint,neutral,medium,agent extremely rude unhelpful
The mobile app is very slow and keeps freezing,technical_support,neutral,urgent,mobile app very slow keeps freezing
The tracking number is not updating Please help me.,shipping,negative,high,tracking number not updating please help
What is the difference between plan A and plan B Thank you in advance.,product_inquiry,positive,low,what difference between plan plan thank advance
I want to cancel my subscription and get a refund I have been waiting for days.,billing,negative,urgent,want cancel subscription get refund waiting days
Thank you for resolving my issue so quickly Thank you in advance.,feedback,positive,low,thank resolving issue quickly thank advance
I can't update my credit card information I have been waiting for days.,billing,negative,medium,can update credit card information waiting days
Do you have a free trial available Thank you in advance.,product_inquiry,positive,low,free trial available thank advance
I have been waiting 10 days for a resolution This is urgent.,complaint,neutral,medium,waiting 10 days resolution urgent
The mobile app is very slow and keeps freezing I have been waiting for days.,technical_support,neutral,medium,mobile app very slow keeps freezing waiting days
Does this product come with a warranty This is urgent.,product_inquiry,positive,low,product come warranty urgent
I have not received my refund after 2 weeks I am very frustrated.,returns,negative,low,not received refund after weeks am very frustrated
My invoice shows an incorrect amount Can someone assist me?,billing,negative,medium,invoice shows incorrect amount can someone assist
How long do refunds take to process Thank you in advance.,returns,negative,medium,how long refunds take process thank advance
I was charged twice for my subscription this month This is urgent.,billing,negative,high,charged twice subscription month urgent
My bank account shows a charge but no confirmation Please help me.,billing,neutral,urgent,bank account shows charge no confirmation please help
Your agent was extremely rude and unhelpful Thank you in advance.,complaint,negative,high,agent extremely rude unhelpful thank advance
I received a defective product and need a replacement Can someone assist me?,returns,negative,low,received defective product need replacement can someone assist
This is the third time I have had this problem I have been waiting for days.,complaint,negative,urgent,third time problem waiting days
Thank you for resolving my issue so quickly This is urgent.,feedback,positive,low,thank resolving issue quickly urgent
I received a defective product and need a replacement I am very frustrated.,returns,negative,low,received defective product need replacement am very frustrated
I want to return a product I bought last week I have been waiting for days.,returns,neutral,low,want return product bought last week waiting days
I received a defective product and need a replacement,returns,negative,low,received defective product need replacement
Nobody is responding to my previous emails Please help me.,complaint,negative,high,nobody responding previous emails please help
What is the difference between plan A and plan B,product_inquiry,positive,low,what difference between plan plan
I forgot my password and cannot reset it Please help me.,account,neutral,high,forgot password cannot reset please help
I received the wrong item in my package I have been waiting for days.,shipping,negative,low,received wrong item package waiting days
Can I use the product on multiple devices This is urgent.,product_inquiry,positive,low,can use product multiple devices urgent
How long will my order take to arrive,shipping,neutral,low,how long order take arrive
I have a suggestion for improving the checkout process,feedback,neutral,low,suggestion improving checkout process
Would love to see monthly billing as an option I am very frustrated.,feedback,neutral,low,love see monthly billing as option am very frustrated
Your service has gone downhill significantly I am very frustrated.,complaint,neutral,high,service gone downhill significantly am very frustrated
Can I expedite my shipping I have been waiting for days.,shipping,negative,low,can expedite shipping waiting days
The tracking number is not updating I am very frustrated.,shipping,neutral,low,tracking number not updating am very frustrated
What is the difference between plan A and plan B,product_inquiry,positive,low,what difference between plan plan
I want to cancel my subscription and get a refund Thank you in advance.,billing,neutral,medium,want cancel subscription get refund thank advance
What is the difference between plan A and plan B I am very frustrated.,product_inquiry,positive,medium,what difference between plan plan am very frustrated
I have a suggestion for improving the checkout process Can someone assist me?,feedback,positive,low,suggestion improving checkout process can someone assist
How do I initiate a return for a damaged item Please help me.,returns,neutral,low,how initiate return damaged item please help
This is the third time I have had this problem I have been waiting for days.,complaint,negative,medium,third time problem waiting days
I need to change my email address Please help me.,account,neutral,high,need change email address please help
Does this product come with a warranty Please help me.,product_inquiry,neutral,low,product come warranty please help
Your agent was extremely rude and unhelpful Thank you in advance.,complaint,negative,high,agent extremely rude unhelpful thank advance
What are the specifications of your premium plan I have been waiting for days.,product_inquiry,positive,medium,what specifications premium plan waiting days
I am very unhappy with the service I received Thank you in advance.,complaint,neutral,high,am very unhappy service received thank advance
This is the third time I have had this problem,complaint,neutral,medium,third time problem
I want to exchange my item for a different size Please help me.,returns,neutral,medium,want exchange item different size please help
How long will my order take to arrive I have been waiting for days.,shipping,negative,medium,how long order take arrive waiting days
Overall great experience but the loading is a bit slow I am very frustrated.,feedback,neutral,medium,overall great experience loading bit slow am very frustrated
The feature is not working as expected,technical_support,neutral,medium,feature not working as expected
I think the mobile app needs a dark mode This is urgent.,feedback,neutral,low,think mobile app needs dark mode urgent
I cannot verify my email address Thank you in advance.,account,neutral,low,cannot verify email address thank advance
I am getting a server error when I try to submit Thank you in advance.,technical_support,neutral,urgent,am getting server error when try submit thank advance
The feature is not working as expected I have been waiting for days.,technical_support,neutral,high,feature not working as expected waiting days
My order has not arrived after 2 weeks This is urgent.,shipping,neutral,high,order not arrived after weeks urgent
How long do refunds take to process I have been waiting for days.,returns,negative,low,how long refunds take process waiting days
I need to change my delivery address I have been waiting for days.,shipping,negative,medium,need change delivery address waiting days
I want to return a product I bought last week I have been waiting for days.,returns,negative,medium,want return product bought last week waiting days
Overall great experience but the loading is a bit slow I have been waiting for days.,feedback,positive,low,overall great experience loading bit slow waiting days
My data is not syncing between devices,technical_support,neutral,urgent,data not syncing between devices
I love the new interface you released this week Thank you in advance.,feedback,positive,low,love new interface released week thank advance
I want to exchange my item for a different size Please help me.,returns,negative,low,want exchange item different size please help
I think the mobile app needs a dark mode This is urgent.,feedback,neutral,medium,think mobile app needs dark mode urgent
I was charged twice for my subscription this month Thank you in advance.,billing,negative,medium,charged twice subscription month thank advance
What are the specifications of your premium plan Can someone assist me?,product_inquiry,positive,low,what specifications premium plan can someone assist
I am very unhappy with the service I received This is urgent.,complaint,negative,urgent,am very unhappy service received urgent
I can't update my credit card information I have been waiting for days.,billing,negative,medium,can update credit card information waiting days
My data is not syncing between devices,technical_support,neutral,urgent,data not syncing between devices
My payment was declined but money left my account Please help me.,billing,negative,high,payment declined money left account please help
Your service has gone downhill significantly I am very frustrated.,complaint,negative,medium,service gone downhill significantly am very frustrated
I need to change my email address Can someone assist me?,account,neutral,high,need change email address can someone assist
What is the difference between plan A and plan B Please help me.,product_inquiry,positive,low,what difference between plan plan please help
The customer support team was incredibly helpful Thank you in advance.,feedback,neutral,medium,customer support team incredibly helpful thank advance
I cannot log in to my account I am very frustrated.,technical_support,neutral,urgent,cannot log account am very frustrated
I want to return a product I bought last week This is urgent.,returns,negative,low,want return product bought last week urgent
My invoice shows an incorrect amount Can someone assist me?,billing,negative,urgent,invoice shows incorrect amount can someone assist
I have not received my refund after 2 weeks This is urgent.,returns,neutral,low,not received refund after weeks urgent
I think the mobile app needs a dark mode Thank you in advance.,feedback,positive,medium,think mobile app needs dark mode thank advance
What is the difference between plan A and plan B Please help me.,product_inquiry,neutral,low,what difference between plan plan please help
How do I initiate a return for a damaged item Can someone assist me?,returns,neutral,low,how initiate return damaged item can someone assist
The tracking number is not updating I am very frustrated.,shipping,negative,high,tracking number not updating am very frustrated
Your agent was extremely rude and unhelpful I am very frustrated.,complaint,negative,high,agent extremely rude unhelpful am very frustrated
I am very unhappy with the service I received I am very frustrated.,complaint,negative,medium,am very unhappy service received am very frustrated
Would love to see monthly billing as an option,feedback,positive,medium,love see monthly billing as option
I was charged twice for my subscription this month Please help me.,billing,neutral,high,charged twice subscription month please help
I am getting a server error when I try to submit,technical_support,neutral,medium,am getting server error when try submit
I have not received my refund after 2 weeks Thank you in advance.,returns,negative,medium,not received refund after weeks thank advance
I need to merge two accounts,account,neutral,low,need merge two accounts
Would love to see monthly billing as an option Thank you in advance.,feedback,positive,low,love see monthly billing as option thank advance
I am furious about how my case was handled I have been waiting for days.,complaint,negative,urgent,am furious how case handled waiting days
How long do refunds take to process I have been waiting for days.,returns,negative,medium,how long refunds take process waiting days
My account was hacked and I need help Can someone assist me?,account,neutral,high,account hacked need help can someone assist
I received the wrong item in my package I have been waiting for days.,shipping,neutral,high,received wrong item package waiting days
The app crashes every time I open it Can someone assist me?,technical_support,neutral,medium,app crashes every time open can someone assist
I forgot my password and cannot reset it This is urgent.,account,neutral,low,forgot password cannot reset urgent
Would love to see monthly billing as an option I am very frustrated.,feedback,positive,medium,love see monthly billing as option am very frustrated
I have a suggestion for improving the checkout process This is urgent.,feedback,positive,medium,suggestion improving checkout process urgent
The website is showing an error 500 Thank you in advance.,technical_support,neutral,urgent,website showing error 500 thank advance
I am furious about how my case was handled I am very frustrated.,complaint,neutral,medium,am furious how case handled am very frustrated
I think the mobile app needs a dark mode Can someone assist me?,feedback,neutral,medium,think mobile app needs dark mode can someone assist
My data is not syncing between devices Please help me.,technical_support,neutral,urgent,data not syncing between devices please help
Nobody is responding to my previous emails This is urgent.,complaint,negative,urgent,nobody responding previous emails urgent
I want to return a product I bought last week,returns,neutral,low,want return product bought last week
My order was returned to sender,shipping,negative,high,order returned sender
I am considering switching to a competitor This is urgent.,complaint,neutral,urgent,am considering switching competitor urgent
The app crashes every time I open it This is urgent.,technical_support,neutral,high,app crashes every time open urgent
Can I use the product on multiple devices I have been waiting for days.,product_inquiry,positive,low,can use product multiple devices waiting days
Does this product come with a warranty Please help me.,product_inquiry,positive,medium,product come warranty please help
My account was hacked and I need help I am very frustrated.,account,neutral,medium,account hacked need help am very frustrated
I have a suggestion for improving the checkout process I am very frustrated.,feedback,positive,low,suggestion improving checkout process am very frustrated
I have been waiting 10 days for a resolution I am very frustrated.,complaint,neutral,urgent,waiting 10 days resolution am very frustrated
Your agent was extremely rude and unhelpful Can someone assist me?,complaint,negative,high,agent extremely rude unhelpful can someone assist
I forgot my password and cannot reset it Thank you in advance.,account,neutral,high,forgot password cannot reset thank advance
Please help me update my profile information Can someone assist me?,account,neutral,low,please help update profile information can someone assist
I am furious about how my case was handled Please help me.,complaint,neutral,high,am furious how case handled please help
How do I initiate a return for a damaged item,returns,neutral,medium,how initiate return damaged item
Would love to see monthly billing as an option I am very frustrated.,feedback,positive,medium,love see monthly billing as option am very frustrated
Nobody is responding to my previous emails,complaint,negative,urgent,nobody responding previous emails
The app crashes every time I open it Can someone assist me?,technical_support,neutral,urgent,app crashes every time open can someone assist
What is the difference between plan A and plan B Thank you in advance.,product_inquiry,positive,medium,what difference between plan plan thank advance
My return was rejected but the item was faulty Can someone assist me?,returns,negative,low,return rejected item faulty can someone assist
How does the cancellation policy work I am very frustrated.,product_inquiry,positive,low,how cancellation policy work am very frustrated
Please help me update my profile information Can someone assist me?,account,neutral,high,please help update profile information can someone assist
I forgot my password and cannot reset it This is urgent.,account,neutral,high,forgot password cannot reset urgent
I am very unhappy with the service I received Thank you in advance.,complaint,negative,urgent,am very unhappy service received thank advance
I need to change my delivery address Thank you in advance.,shipping,negative,high,need change delivery address thank advance
I received the wrong item in my package This is urgent.,shipping,negative,medium,received wrong item package urgent
I want to exchange my item for a different size This is urgent.,returns,negative,medium,want exchange item different size urgent
My invoice shows an incorrect amount I have been waiting for days.,billing,negative,high,invoice shows incorrect amount waiting days
How long will my order take to arrive I am very frustrated.,shipping,negative,low,how long order take arrive am very frustrated
The return window was missed due to shipping delays This is urgent.,returns,negative,medium,return window missed due shipping delays urgent
This is the third time I have had this problem This is urgent.,complaint,negative,high,third time problem urgent
The app crashes every time I open it Can someone assist me?,technical_support,neutral,urgent,app crashes every time open can someone assist
Your platform is one of the best I have used,feedback,positive,low,platform one best used
I have a suggestion for improving the checkout process Thank you in advance.,feedback,positive,low,suggestion improving checkout process thank advance
My data is not syncing between devices,technical_support,neutral,urgent,data not syncing between devices
The customer support team was incredibly helpful Thank you in advance.,feedback,neutral,low,customer support team incredibly helpful thank advance
What features are included in the enterprise tier I am very frustrated.,product_inquiry,positive,medium,what features included enterprise tier am very frustrated
I have a suggestion for improving the checkout process This is urgent.,feedback,neutral,low,suggestion improving checkout process urgent
Your service has gone downhill significantly Thank you in advance.,complaint,negative,high,service gone downhill significantly thank advance
I have a suggestion for improving the checkout process I have been waiting for days.,feedback,positive,low,suggestion improving checkout process waiting days
Please help me update my profile information Thank you in advance.,account,neutral,high,please help update profile information thank advance
I received a defective product and need a replacement This is urgent.,returns,negative,medium,received defective product need replacement urgent
My invoice shows an incorrect amount Please help me.,billing,negative,medium,invoice shows incorrect amount please help
I received a defective product and need a replacement Thank you in advance.,returns,negative,low,received defective product need replacement thank advance
My invoice shows an incorrect amount,billing,negative,high,invoice shows incorrect amount
I received the wrong item in my package,shipping,negative,high,received wrong item package
The website is showing an error 500 Please help me.,technical_support,neutral,medium,website showing error 500 please help
What features are included in the enterprise tier This is urgent.,product_inquiry,positive,low,what features included enterprise tier urgent
The tracking number is not updating I have been waiting for days.,shipping,neutral,low,tracking number not updating waiting days
I love the new interface you released this week,feedback,positive,medium,love new interface released week
I cannot verify my email address I have been waiting for days.,account,neutral,high,cannot verify email address waiting days
How does the cancellation policy work This is urgent.,product_inquiry,neutral,low,how cancellation policy work urgent
I need to change my delivery address Can someone assist me?,shipping,neutral,low,need change delivery address can someone assist
I want to return a product I bought last week Thank you in advance.,returns,neutral,low,want return product bought last week thank advance
I am considering switching to a competitor Please help me.,complaint,negative,urgent,am considering switching competitor please help
The feature is not working as expected Thank you in advance.,technical_support,neutral,medium,feature not working as expected thank advance
What features are included in the enterprise tier I have been waiting for days.,product_inquiry,positive,low,what features included enterprise tier waiting days
I received a defective product and need a replacement Thank you in advance.,returns,negative,low,received defective product need replacement thank advance
How does the cancellation policy work Can someone assist me?,product_inquiry,neutral,medium,how cancellation policy work can someone assist
The website is showing an error 500 I have been waiting for days.,technical_support,neutral,high,website showing error 500 waiting days
I am getting a server error when I try to submit I am very frustrated.,technical_support,neutral,medium,am getting server error when try submit am very frustrated
I received the wrong item in my package I have been waiting for days.,shipping,neutral,high,received wrong item package waiting days
What features are included in the enterprise tier Please help me.,product_inquiry,neutral,low,what features included enterprise tier please help
What are the specifications of your premium plan I am very frustrated.,product_inquiry,positive,low,what specifications premium plan am very frustrated
I need a refund for the duplicate charge Please help me.,billing,negative,high,need refund duplicate charge please help
My return was rejected but the item was faulty Thank you in advance.,returns,neutral,low,return rejected item faulty thank advance
I am getting a server error when I try to submit Thank you in advance.,technical_support,neutral,high,am getting server error when try submit thank advance
Can I expedite my shipping Can someone assist me?,shipping,negative,low,can expedite shipping can someone assist
The app crashes every time I open it I have been waiting for days.,technical_support,neutral,urgent,app crashes every time open waiting days
I have been waiting 10 days for a resolution Can someone assist me?,complaint,negative,high,waiting 10 days resolution can someone assist
My return was rejected but the item was faulty I am very frustrated.,returns,negative,low,return rejected item faulty am very frustrated
I am getting a server error when I try to submit I am very frustrated.,technical_support,neutral,high,am getting server error when try submit am very frustrated
How long will my order take to arrive This is urgent.,shipping,negative,low,how long order take arrive urgent
My invoice shows an incorrect amount Can someone assist me?,billing,negative,high,invoice shows incorrect amount can someone assist
Overall great experience but the loading is a bit slow Please help me.,feedback,neutral,low,overall great experience loading bit slow please help
The website is showing an error 500 This is urgent.,technical_support,neutral,high,website showing error 500 urgent
I want to delete my account and all my data This is urgent.,account,neutral,low,want delete account all data urgent
My order was returned to sender Please help me.,shipping,negative,high,order returned sender please help
How does the cancellation policy work This is urgent.,product_inquiry,positive,low,how cancellation policy work urgent
I can't update my credit card information Can someone assist me?,billing,negative,high,can update credit card information can someone assist
I need to merge two accounts Thank you in advance.,account,neutral,medium,need merge two accounts thank advance
Is this service available in my country I have been waiting for days.,product_inquiry,positive,low,service available country waiting days
I have not received my refund after 2 weeks Can someone assist me?,returns,negative,low,not received refund after weeks can someone assist
How long will my order take to arrive Thank you in advance.,shipping,neutral,high,how long order take arrive thank advance
I think the mobile app needs a dark mode,feedback,positive,low,think mobile app needs dark mode
Would love to see monthly billing as an option,feedback,neutral,medium,love see monthly billing as option
My return was rejected but the item was faulty,returns,negative,low,return rejected item faulty
How do I initiate a return for a damaged item I have been waiting for days.,returns,negative,low,how initiate return damaged item waiting days
I want to exchange my item for a different size Can someone assist me?,returns,neutral,medium,want exchange item different size can someone assist
Why was I charged more than I expected This is urgent.,billing,negative,urgent,why charged more than expected urgent
I love the new interface you released this week Please help me.,feedback,positive,low,love new interface released week please help
Does this product come with a warranty Can someone assist me?,product_inquiry,neutral,low,product come warranty can someone assist
I want to exchange my item for a different size Thank you in advance.,returns,neutral,medium,want exchange item different size thank advance
I have not received my refund after 2 weeks I am very frustrated.,returns,neutral,low,not received refund after weeks am very frustrated
The mobile app is very slow and keeps freezing,technical_support,neutral,urgent,mobile app very slow keeps freezing
Does this product come with a warranty I have been waiting for days.,product_inquiry,positive,medium,product come warranty waiting days
The tracking number is not updating,shipping,negative,medium,tracking number not updating
I forgot my password and cannot reset it Can someone assist me?,account,neutral,high,forgot password cannot reset can someone assist
My order was returned to sender Please help me.,shipping,negative,low,order returned sender please help
I am considering switching to a competitor This is urgent.,complaint,negative,high,am considering switching competitor urgent
Nobody is responding to my previous emails I am very frustrated.,complaint,negative,urgent,nobody responding previous emails am very frustrated
My package was marked delivered but I did not receive it I am very frustrated.,shipping,negative,medium,package marked delivered not receive am very frustrated
My account has been locked out I have been waiting for days.,account,neutral,medium,account locked out waiting days
The feature is not working as expected,technical_support,neutral,urgent,feature not working as expected
I forgot my password and cannot reset it This is urgent.,account,neutral,low,forgot password cannot reset urgent
What is the difference between plan A and plan B Please help me.,product_inquiry,neutral,medium,what difference between plan plan please help
Do you have a free trial available Can someone assist me?,product_inquiry,positive,low,free trial available can someone assist
Your platform is one of the best I have used I am very frustrated.,feedback,neutral,low,platform one best used am very frustrated
I want to delete my account and all my data I am very frustrated.,account,neutral,low,want delete account all data am very frustrated
How do I initiate a return for a damaged item This is urgent.,returns,negative,medium,how initiate return damaged item urgent
My order has not arrived after 2 weeks,shipping,neutral,low,order not arrived after weeks
I want to cancel my subscription and get a refund Thank you in advance.,billing,negative,high,want cancel subscription get refund thank advance
I love the new interface you released this week,feedback,positive,medium,love new interface released week
The app crashes every time I open it,technical_support,neutral,high,app crashes every time open
I love the new interface you released this week Thank you in advance.,feedback,positive,medium,love new interface released week thank advance
My invoice shows an incorrect amount I am very frustrated.,billing,negative,high,invoice shows incorrect amount am very frustrated
Does this product come with a warranty,product_inquiry,positive,low,product come warranty
The feature is not working as expected Please help me.,technical_support,neutral,urgent,feature not working as expected please help
My order has not arrived after 2 weeks,shipping,negative,medium,order not arrived after weeks
I received the wrong item in my package I have been waiting for days.,shipping,negative,medium,received wrong item package waiting days
The return window was missed due to shipping delays Please help me.,returns,negative,medium,return window missed due shipping delays please help
Thank you for resolving my issue so quickly Please help me.,feedback,positive,medium,thank resolving issue quickly please help
I need a refund for the duplicate charge Can someone assist me?,billing,negative,high,need refund duplicate charge can someone assist
My return was rejected but the item was faulty I have been waiting for days.,returns,neutral,low,return rejected item faulty waiting days
My return was rejected but the item was faulty,returns,negative,medium,return rejected item faulty
What are the specifications of your premium plan I have been waiting for days.,product_inquiry,positive,medium,what specifications premium plan waiting days
The app crashes every time I open it I have been waiting for days.,technical_support,neutral,high,app crashes every time open waiting days
The website is showing an error 500 Can someone assist me?,technical_support,neutral,medium,website showing error 500 can someone assist
How do I initiate a return for a damaged item Can someone assist me?,returns,negative,low,how initiate return damaged item can someone assist
I was charged twice for my subscription this month,billing,negative,medium,charged twice subscription month
Please help me update my profile information This is urgent.,account,neutral,low,please help update profile information urgent
Your agent was extremely rude and unhelpful Please help me.,complaint,negative,urgent,agent extremely rude unhelpful please help
Your agent was extremely rude and unhelpful Please help me.,complaint,negative,high,agent extremely rude unhelpful please help
Your agent was extremely rude and unhelpful I am very frustrated.,complaint,negative,medium,agent extremely rude unhelpful am very frustrated
I cannot verify my email address Thank you in advance.,account,neutral,medium,cannot verify email address thank advance
Is this service available in my country I am very frustrated.,product_inquiry,positive,medium,service available country am very frustrated
Nobody is responding to my previous emails This is urgent.,complaint,negative,urgent,nobody responding previous emails urgent
I have a suggestion for improving the checkout process I am very frustrated.,feedback,positive,low,suggestion improving checkout process am very frustrated
My return was rejected but the item was faulty I have been waiting for days.,returns,negative,low,return rejected item faulty waiting days
My account was hacked and I need help Please help me.,account,neutral,high,account hacked need help please help
I have a suggestion for improving the checkout process Please help me.,feedback,neutral,low,suggestion improving checkout process please help
I have been waiting 10 days for a resolution Thank you in advance.,complaint,negative,high,waiting 10 days resolution thank advance
I have a suggestion for improving the checkout process,feedback,neutral,medium,suggestion improving checkout process
My package was marked delivered but I did not receive it I have been waiting for days.,shipping,negative,medium,package marked delivered not receive waiting days
I am considering switching to a competitor Please help me.,complaint,negative,urgent,am considering switching competitor please help
I received a defective product and need a replacement Can someone assist me?,returns,negative,low,received defective product need replacement can someone assist
I was charged twice for my subscription this month Can someone assist me?,billing,neutral,high,charged twice subscription month can someone assist
I want to exchange my item for a different size Thank you in advance.,returns,negative,low,want exchange item different size thank advance
I can't update my credit card information,billing,negative,medium,can update credit card information
Your service has gone downhill significantly,complaint,negative,urgent,service gone downhill significantly
The customer support team was incredibly helpful I have been waiting for days.,feedback,positive,low,customer support team incredibly helpful waiting days
My payment was declined but money left my account I have been waiting for days.,billing,negative,urgent,payment declined money left account waiting days
Your platform is one of the best I have used Can someone assist me?,feedback,positive,medium,platform one best used can someone assist
My package was marked delivered but I did not receive it This is urgent.,shipping,negative,medium,package marked delivered not receive urgent
I need to change my email address I am very frustrated.,account,neutral,high,need change email address am very frustrated
I need a refund for the duplicate charge Can someone assist me?,billing,neutral,medium,need refund duplicate charge can someone assist
I want to return a product I bought last week I have been waiting for days.,returns,negative,medium,want return product bought last week waiting days
What is the difference between plan A and plan B Can someone assist me?,product_inquiry,positive,low,what difference between plan plan can someone assist
What is the difference between plan A and plan B This is urgent.,product_inquiry,positive,medium,what difference between plan plan urgent
My return was rejected but the item was faulty This is urgent.,returns,negative,low,return rejected item faulty urgent
I cannot verify my email address,account,neutral,low,cannot verify email address
Does this product come with a warranty I am very frustrated.,product_inquiry,positive,low,product come warranty am very frustrated
My data is not syncing between devices I have been waiting for days.,technical_support,neutral,high,data not syncing between devices waiting days
Your platform is one of the best I have used Can someone assist me?,feedback,positive,medium,platform one best used can someone assist
The tracking number is not updating,shipping,negative,low,tracking number not updating
I have been waiting 10 days for a resolution,complaint,negative,urgent,waiting 10 days resolution
Overall great experience but the loading is a bit slow,feedback,positive,low,overall great experience loading bit slow
The mobile app is very slow and keeps freezing,technical_support,neutral,medium,mobile app very slow keeps freezing
My account was hacked and I need help Thank you in advance.,account,neutral,high,account hacked need help thank advance
My data is not syncing between devices Please help me.,technical_support,neutral,urgent,data not syncing between devices please help
My package was marked delivered but I did not receive it This is urgent.,shipping,neutral,medium,package marked delivered not receive urgent
I have not received my refund after 2 weeks Can someone assist me?,returns,negative,low,not received refund after weeks can someone assist
Your platform is one of the best I have used Thank you in advance.,feedback,neutral,low,platform one best used thank advance
I received the wrong item in my package Thank you in advance.,shipping,negative,low,received wrong item package thank advance
Can I use the product on multiple devices This is urgent.,product_inquiry,positive,medium,can use product multiple devices urgent
The mobile app is very slow and keeps freezing I have been waiting for days.,technical_support,neutral,medium,mobile app very slow keeps freezing waiting days
I am considering switching to a competitor,complaint,negative,medium,am considering switching competitor
I am very unhappy with the service I received,complaint,negative,medium,am very unhappy service received
What are the specifications of your premium plan Thank you in advance.,product_inquiry,positive,low,what specifications premium plan thank advance
My order has not arrived after 2 weeks This is urgent.,shipping,negative,high,order not arrived after weeks urgent
I am considering switching to a competitor I have been waiting for days.,complaint,neutral,medium,am considering switching competitor waiting days
The feature is not working as expected I am very frustrated.,technical_support,neutral,high,feature not working as expected am very frustrated
My account has been locked out This is urgent.,account,neutral,high,account locked out urgent
Thank you for resolving my issue so quickly I am very frustrated.,feedback,neutral,medium,thank resolving issue quickly am very frustrated
What are the specifications of your premium plan,product_inquiry,neutral,medium,what specifications premium plan
Overall great experience but the loading is a bit slow I am very frustrated.,feedback,neutral,low,overall great experience loading bit slow am very frustrated
Your agent was extremely rude and unhelpful Can someone assist me?,complaint,negative,high,agent extremely rude unhelpful can someone assist
How do I initiate a return for a damaged item This is urgent.,returns,negative,medium,how initiate return damaged item urgent
I can't update my credit card information I have been waiting for days.,billing,negative,urgent,can update credit card information waiting days
I can't update my credit card information Can someone assist me?,billing,neutral,medium,can update credit card information can someone assist
My bank account shows a charge but no confirmation Can someone assist me?,billing,negative,medium,bank account shows charge no confirmation can someone assist
I want to cancel my subscription and get a refund,billing,negative,high,want cancel subscription get refund
Your platform is one of the best I have used Thank you in advance.,feedback,positive,low,platform one best used thank advance
My data is not syncing between devices I am very frustrated.,technical_support,neutral,urgent,data not syncing between devices am very frustrated
How long do refunds take to process This is urgent.,returns,neutral,low,how long refunds take process urgent
What is the difference between plan A and plan B Please help me.,product_inquiry,positive,low,what difference between plan plan please help
My package was marked delivered but I did not receive it,shipping,negative,high,package marked delivered not receive
My package was marked delivered but I did not receive it I am very frustrated.,shipping,negative,high,package marked delivered not receive am very frustrated
I want to delete my account and all my data I have been waiting for days.,account,neutral,medium,want delete account all data waiting days
I want to exchange my item for a different size I have been waiting for days.,returns,neutral,medium,want exchange item different size waiting days
My bank account shows a charge but no confirmation This is urgent.,billing,negative,high,bank account shows charge no confirmation urgent
Overall great experience but the loading is a bit slow Can someone assist me?,feedback,positive,medium,overall great experience loading bit slow can someone assist
My return was rejected but the item was faulty I am very frustrated.,returns,neutral,medium,return rejected item faulty am very frustrated
I have not received my refund after 2 weeks,returns,negative,medium,not received refund after weeks
This is the third time I have had this problem Can someone assist me?,complaint,negative,high,third time problem can someone assist
My order was returned to sender,shipping,negative,medium,order returned sender
I received a defective product and need a replacement,returns,negative,low,received defective product need replacement
I received the wrong item in my package Can someone assist me?,shipping,negative,high,received wrong item package can someone assist
Can I use the product on multiple devices Please help me.,product_inquiry,positive,low,can use product multiple devices please help
I can't update my credit card information I have been waiting for days.,billing,negative,urgent,can update credit card information waiting days
My account was hacked and I need help This is urgent.,account,neutral,high,account hacked need help urgent
What are the specifications of your premium plan This is urgent.,product_inquiry,neutral,low,what specifications premium plan urgent
My account has been locked out I am very frustrated.,account,neutral,medium,account locked out am very frustrated
The mobile app is very slow and keeps freezing This is urgent.,technical_support,neutral,high,mobile app very slow keeps freezing urgent
How do I initiate a return for a damaged item Please help me.,returns,negative,medium,how initiate return damaged item please help
I cannot log in to my account Can someone assist me?,technical_support,neutral,urgent,cannot log account can someone assist
I received the wrong item in my package I have been waiting for days.,shipping,negative,medium,received wrong item package waiting days
I cannot log in to my account This is urgent.,technical_support,neutral,high,cannot log account urgent
Can I expedite my shipping I have been waiting for days.,shipping,negative,low,can expedite shipping waiting days
The return window was missed due to shipping delays Can someone assist me?,returns,negative,low,return window missed due shipping delays can someone assist
I was charged twice for my subscription this month,billing,negative,high,charged twice subscription month
I can't update my credit card information Thank you in advance.,billing,negative,urgent,can update credit card information thank advance
How long will my order take to arrive,shipping,negative,low,how long order take arrive
Can I expedite my shipping I have been waiting for days.,shipping,neutral,medium,can expedite shipping waiting days
How long do refunds take to process Can someone assist me?,returns,negative,low,how long refunds take process can someone assist
I need to change my email address,account,neutral,high,need change email address
I need a refund for the duplicate charge Thank you in advance.,billing,negative,high,need refund duplicate charge thank advance
Can I expedite my shipping Please help me.,shipping,negative,low,can expedite shipping please help
I forgot my password and cannot reset it Please help me.,account,neutral,medium,forgot password cannot reset please help
The customer support team was incredibly helpful Can someone assist me?,feedback,positive,low,customer support team incredibly helpful can someone assist
I forgot my password and cannot reset it Thank you in advance.,account,neutral,high,forgot password cannot reset thank advance
Can I use the product on multiple devices,product_inquiry,positive,low,can use product multiple devices
Nobody is responding to my previous emails Please help me.,complaint,negative,high,nobody responding previous emails please help
What features are included in the enterprise tier Thank you in advance.,product_inquiry,neutral,medium,what features included enterprise tier thank advance
Your agent was extremely rude and unhelpful,complaint,negative,medium,agent extremely rude unhelpful
My return was rejected but the item was faulty,returns,neutral,medium,return rejected item faulty
I need a refund for the duplicate charge,billing,negative,medium,need refund duplicate charge
The tracking number is not updating Please help me.,shipping,negative,high,tracking number not updating please help
Can I use the product on multiple devices,product_inquiry,positive,medium,can use product multiple devices
I can't update my credit card information Can someone assist me?,billing,negative,medium,can update credit card information can someone assist
Please help me update my profile information Thank you in advance.,account,neutral,low,please help update profile information thank advance
Can I expedite my shipping This is urgent.,shipping,negative,low,can expedite shipping urgent
I have not received my refund after 2 weeks I am very frustrated.,returns,negative,medium,not received refund after weeks am very frustrated
I want to cancel my subscription and get a refund I am very frustrated.,billing,negative,urgent,want cancel subscription get refund am very frustrated
I want to return a product I bought last week,returns,neutral,low,want return product bought last week
I want to delete my account and all my data I have been waiting for days.,account,neutral,low,want delete account all data waiting days
How does the cancellation policy work,product_inquiry,neutral,low,how cancellation policy work
I have been waiting 10 days for a resolution,complaint,neutral,urgent,waiting 10 days resolution
I have a suggestion for improving the checkout process,feedback,positive,low,suggestion improving checkout process
My account was hacked and I need help This is urgent.,account,neutral,low,account hacked need help urgent
I need to merge two accounts Thank you in advance.,account,neutral,low,need merge two accounts thank advance
I was charged twice for my subscription this month Thank you in advance.,billing,negative,high,charged twice subscription month thank advance
The website is showing an error 500 Please help me.,technical_support,neutral,high,website showing error 500 please help
I need a refund for the duplicate charge Please help me.,billing,neutral,high,need refund duplicate charge please help
Would love to see monthly billing as an option Please help me.,feedback,neutral,low,love see monthly billing as option please help
I forgot my password and cannot reset it Thank you in advance.,account,neutral,medium,forgot password cannot reset thank advance
Nobody is responding to my previous emails,complaint,negative,medium,nobody responding previous emails
The mobile app is very slow and keeps freezing Please help me.,technical_support,neutral,medium,mobile app very slow keeps freezing please help
Do you have a free trial available Can someone assist me?,product_inquiry,positive,low,free trial available can someone assist
My account has been locked out,account,neutral,high,account locked out
I forgot my password and cannot reset it Can someone assist me?,account,neutral,low,forgot password cannot reset can someone assist
I cannot upload files through the platform Please help me.,technical_support,neutral,medium,cannot upload files through platform please help
I want to cancel my subscription and get a refund Please help me.,billing,negative,medium,want cancel subscription get refund please help
My order was returned to sender This is urgent.,shipping,negative,high,order returned sender urgent
My return was rejected but the item was faulty I have been waiting for days.,returns,negative,low,return rejected item faulty waiting days
I think the mobile app needs a dark mode,feedback,positive,low,think mobile app needs dark mode
My account was hacked and I need help Please help me.,account,neutral,low,account hacked need help please help
What is the difference between plan A and plan B Thank you in advance.,product_inquiry,neutral,low,what difference between plan plan thank advance
I love the new interface you released this week,feedback,positive,low,love new interface released week
I have a suggestion for improving the checkout process This is urgent.,feedback,positive,medium,suggestion improving checkout process urgent
Why was I charged more than I expected Can someone assist me?,billing,negative,medium,why charged more than expected can someone assist
My data is not syncing between devices I have been waiting for days.,technical_support,neutral,urgent,data not syncing between devices waiting days
I have not received my refund after 2 weeks Thank you in advance.,returns,negative,low,not received refund after weeks thank advance
The tracking number is not updating,shipping,neutral,low,tracking number not updating
My return was rejected but the item was faulty Can someone assist me?,returns,negative,medium,return rejected item faulty can someone assist
Your service has gone downhill significantly Thank you in advance.,complaint,neutral,high,service gone downhill significantly thank advance
Please help me update my profile information,account,neutral,medium,please help update profile information
I cannot verify my email address This is urgent.,account,neutral,medium,cannot verify email address urgent
My data is not syncing between devices Can someone assist me?,technical_support,neutral,urgent,data not syncing between devices can someone assist
My bank account shows a charge but no confirmation This is urgent.,billing,negative,urgent,bank account shows charge no confirmation urgent
I want to exchange my item for a different size Please help me.,returns,negative,low,want exchange item different size please help
Is this service available in my country I have been waiting for days.,product_inquiry,neutral,low,service available country waiting days
Nobody is responding to my previous emails This is urgent.,complaint,negative,high,nobody responding previous emails urgent
Do you have a free trial available This is urgent.,product_inquiry,neutral,low,free trial available urgent
Thank you for resolving my issue so quickly I am very frustrated.,feedback,positive,low,thank resolving issue quickly am very frustrated
I have a suggestion for improving the checkout process This is urgent.,feedback,positive,low,suggestion improving checkout process urgent
I want to return a product I bought last week I am very frustrated.,returns,negative,low,want return product bought last week am very frustrated
I received the wrong item in my package I am very frustrated.,shipping,negative,high,received wrong item package am very frustrated
The return window was missed due to shipping delays,returns,negative,low,return window missed due shipping delays
I forgot my password and cannot reset it I have been waiting for days.,account,neutral,high,forgot password cannot reset waiting days
I need to change my delivery address Please help me.,shipping,neutral,low,need change delivery address please help
What are the specifications of your premium plan This is urgent.,product_inquiry,neutral,low,what specifications premium plan urgent
The customer support team was incredibly helpful,feedback,neutral,low,customer support team incredibly helpful
My account has been locked out Please help me.,account,neutral,low,account locked out please help
I want to return a product I bought last week Please help me.,returns,negative,medium,want return product bought last week please help
How long do refunds take to process This is urgent.,returns,negative,low,how long refunds take process urgent
Do you have a free trial available Thank you in advance.,product_inquiry,neutral,low,free trial available thank advance
What is the difference between plan A and plan B Please help me.,product_inquiry,positive,medium,what difference between plan plan please help
My order has not arrived after 2 weeks Can someone assist me?,shipping,neutral,high,order not arrived after weeks can someone assist
My payment was declined but money left my account Thank you in advance.,billing,neutral,medium,payment declined money left account thank advance
How do I initiate a return for a damaged item I am very frustrated.,returns,negative,low,how initiate return damaged item am very frustrated
I was charged twice for my subscription this month,billing,negative,medium,charged twice subscription month
Thank you for resolving my issue so quickly Please help me.,feedback,positive,low,thank resolving issue quickly please help
I have not received my refund after 2 weeks Thank you in advance.,returns,negative,medium,not received refund after weeks thank advance
I cannot verify my email address Can someone assist me?,account,neutral,medium,cannot verify email address can someone assist
I am furious about how my case was handled I have been waiting for days.,complaint,negative,urgent,am furious how case handled waiting days
The tracking number is not updating I am very frustrated.,shipping,negative,high,tracking number not updating am very frustrated
Nobody is responding to my previous emails Can someone assist me?,complaint,negative,medium,nobody responding previous emails can someone assist
Nobody is responding to my previous emails Can someone assist me?,complaint,negative,high,nobody responding previous emails can someone assist
Would love to see monthly billing as an option,feedback,positive,low,love see monthly billing as option
What is the difference between plan A and plan B I have been waiting for days.,product_inquiry,positive,low,what difference between plan plan waiting days
My invoice shows an incorrect amount This is urgent.,billing,neutral,high,invoice shows incorrect amount urgent
Does this product come with a warranty,product_inquiry,positive,low,product come warranty
I cannot upload files through the platform I have been waiting for days.,technical_support,neutral,high,cannot upload files through platform waiting days
How do I initiate a return for a damaged item This is urgent.,returns,neutral,low,how initiate return damaged item urgent
I am furious about how my case was handled This is urgent.,complaint,negative,high,am furious how case handled urgent
My return was rejected but the item was faulty I am very frustrated.,returns,neutral,low,return rejected item faulty am very frustrated
Would love to see monthly billing as an option This is urgent.,feedback,positive,low,love see monthly billing as option urgent
Is this service available in my country I have been waiting for days.,product_inquiry,positive,low,service available country waiting days
How long do refunds take to process Can someone assist me?,returns,negative,low,how long refunds take process can someone assist
My order was returned to sender,shipping,negative,low,order returned sender
Your platform is one of the best I have used I have been waiting for days.,feedback,positive,low,platform one best used waiting days
How long do refunds take to process I have been waiting for days.,returns,negative,low,how long refunds take process waiting days
The return window was missed due to shipping delays Can someone assist me?,returns,negative,low,return window missed due shipping delays can someone assist
I can't update my credit card information This is urgent.,billing,negative,urgent,can update credit card information urgent
Can I expedite my shipping I have been waiting for days.,shipping,negative,medium,can expedite shipping waiting days
I am considering switching to a competitor,complaint,negative,high,am considering switching competitor
My invoice shows an incorrect amount This is urgent.,billing,negative,high,invoice shows incorrect amount urgent
I forgot my password and cannot reset it Please help me.,account,neutral,low,forgot password cannot reset please help
I want to cancel my subscription and get a refund Thank you in advance.,billing,negative,urgent,want cancel subscription get refund thank advance
Nobody is responding to my previous emails Please help me.,complaint,negative,urgent,nobody responding previous emails please help
I have not received my refund after 2 weeks,returns,negative,low,not received refund after weeks
The mobile app is very slow and keeps freezing This is urgent.,technical_support,neutral,medium,mobile app very slow keeps freezing urgent
The website is showing an error 500 This is urgent.,technical_support,neutral,medium,website showing error 500 urgent
I love the new interface you released this week This is urgent.,feedback,positive,low,love new interface released week urgent
I want to cancel my subscription and get a refund I am very frustrated.,billing,negative,high,want cancel subscription get refund am very frustrated
The app crashes every time I open it I have been waiting for days.,technical_support,neutral,medium,app crashes every time open waiting days
I have not received my refund after 2 weeks I have been waiting for days.,returns,negative,low,not received refund after weeks waiting days
I need to merge two accounts This is urgent.,account,neutral,high,need merge two accounts urgent
The customer support team was incredibly helpful Can someone assist me?,feedback,positive,low,customer support team incredibly helpful can someone assist
I have not received my refund after 2 weeks Can someone assist me?,returns,negative,medium,not received refund after weeks can someone assist
I have been waiting 10 days for a resolution,complaint,negative,urgent,waiting 10 days resolution
Can I expedite my shipping Please help me.,shipping,negative,medium,can expedite shipping please help
I want to cancel my subscription and get a refund Can someone assist me?,billing,neutral,high,want cancel subscription get refund can someone assist
I want to cancel my subscription and get a refund I have been waiting for days.,billing,negative,high,want cancel subscription get refund waiting days
I want to cancel my subscription and get a refund Please help me.,billing,negative,high,want cancel subscription get refund please help
I want to delete my account and all my data,account,neutral,medium,want delete account all data
I forgot my password and cannot reset it Thank you in advance.,account,neutral,medium,forgot password cannot reset thank advance
My payment was declined but money left my account Thank you in advance.,billing,neutral,urgent,payment declined money left account thank advance
The mobile app is very slow and keeps freezing This is urgent.,technical_support,neutral,high,mobile app very slow keeps freezing urgent
I can't update my credit card information Thank you in advance.,billing,negative,high,can update credit card information thank advance
The feature is not working as expected I have been waiting for days.,technical_support,neutral,urgent,feature not working as expected waiting days
I want to cancel my subscription and get a refund Can someone assist me?,billing,negative,medium,want cancel subscription get refund can someone assist
Please help me update my profile information This is urgent.,account,neutral,medium,please help update profile information urgent
My bank account shows a charge but no confirmation Please help me.,billing,negative,urgent,bank account shows charge no confirmation please help
My bank account shows a charge but no confirmation Thank you in advance.,billing,neutral,high,bank account shows charge no confirmation thank advance
Your agent was extremely rude and unhelpful Thank you in advance.,complaint,negative,medium,agent extremely rude unhelpful thank advance
I was charged twice for my subscription this month I am very frustrated.,billing,negative,high,charged twice subscription month am very frustrated
I have been waiting 10 days for a resolution Thank you in advance.,complaint,negative,medium,waiting 10 days resolution thank advance
My bank account shows a charge but no confirmation This is urgent.,billing,neutral,high,bank account shows charge no confirmation urgent
I want to delete my account and all my data I have been waiting for days.,account,neutral,low,want delete account all data waiting days
I cannot verify my email address I am very frustrated.,account,neutral,low,cannot verify email address am very frustrated
What is the difference between plan A and plan B,product_inquiry,positive,medium,what difference between plan plan
How long do refunds take to process,returns,neutral,low,how long refunds take process
I want to delete my account and all my data Can someone assist me?,account,neutral,low,want delete account all data can someone assist
I am getting a server error when I try to submit This is urgent.,technical_support,neutral,urgent,am getting server error when try submit urgent
Do you have a free trial available I have been waiting for days.,product_inquiry,positive,medium,free trial available waiting days
The website is showing an error 500 Please help me.,technical_support,neutral,high,website showing error 500 please help
How do I initiate a return for a damaged item,returns,negative,low,how initiate return damaged item
My order was returned to sender This is urgent.,shipping,negative,high,order returned sender urgent
I want to exchange my item for a different size I have been waiting for days.,returns,negative,low,want exchange item different size waiting days
I need a refund for the duplicate charge I am very frustrated.,billing,negative,medium,need refund duplicate charge am very frustrated
How do I initiate a return for a damaged item Please help me.,returns,negative,low,how initiate return damaged item please help
I am furious about how my case was handled This is urgent.,complaint,negative,medium,am furious how case handled urgent
I need to change my delivery address This is urgent.,shipping,negative,medium,need change delivery address urgent
Does this product come with a warranty I have been waiting for days.,product_inquiry,positive,low,product come warranty waiting days
I want to exchange my item for a different size This is urgent.,returns,negative,low,want exchange item different size urgent
I need a refund for the duplicate charge,billing,negative,medium,need refund duplicate charge
I love the new interface you released this week Can someone assist me?,feedback,positive,low,love new interface released week can someone assist
I love the new interface you released this week Can someone assist me?,feedback,positive,low,love new interface released week can someone assist
My package was marked delivered but I did not receive it,shipping,neutral,high,package marked delivered not receive
What features are included in the enterprise tier Can someone assist me?,product_inquiry,positive,low,what features included enterprise tier can someone assist
Your service has gone downhill significantly I have been waiting for days.,complaint,negative,high,service gone downhill significantly waiting days
The tracking number is not updating Can someone assist me?,shipping,negative,low,tracking number not updating can someone assist
I cannot log in to my account,technical_support,neutral,medium,cannot log account
I want to return a product I bought last week Can someone assist me?,returns,neutral,low,want return product bought last week can someone assist
The tracking number is not updating I am very frustrated.,shipping,negative,medium,tracking number not updating am very frustrated
This is the third time I have had this problem,complaint,neutral,high,third time problem
Please help me update my profile information I am very frustrated.,account,neutral,high,please help update profile information am very frustrated
Is this service available in my country I have been waiting for days.,product_inquiry,positive,medium,service available country waiting days
I want to exchange my item for a different size This is urgent.,returns,negative,medium,want exchange item different size urgent
I am furious about how my case was handled Can someone assist me?,complaint,negative,high,am furious how case handled can someone assist
I need a refund for the duplicate charge Thank you in advance.,billing,neutral,high,need refund duplicate charge thank advance
The mobile app is very slow and keeps freezing Thank you in advance.,technical_support,neutral,high,mobile app very slow keeps freezing thank advance
I received a defective product and need a replacement Please help me.,returns,negative,low,received defective product need replacement please help
I have not received my refund after 2 weeks,returns,neutral,low,not received refund after weeks
What are the specifications of your premium plan This is urgent.,product_inquiry,positive,medium,what specifications premium plan urgent
Please help me update my profile information Thank you in advance.,account,neutral,medium,please help update profile information thank advance
My bank account shows a charge but no confirmation Can someone assist me?,billing,negative,high,bank account shows charge no confirmation can someone assist
This is the third time I have had this problem Please help me.,complaint,negative,urgent,third time problem please help
How long do refunds take to process This is urgent.,returns,negative,low,how long refunds take process urgent
Nobody is responding to my previous emails I am very frustrated.,complaint,negative,urgent,nobody responding previous emails am very frustrated
Overall great experience but the loading is a bit slow I am very frustrated.,feedback,positive,medium,overall great experience loading bit slow am very frustrated
What features are included in the enterprise tier This is urgent.,product_inquiry,positive,low,what features included enterprise tier urgent
How long will my order take to arrive,shipping,negative,medium,how long order take arrive
I think the mobile app needs a dark mode,feedback,neutral,low,think mobile app needs dark mode
My account has been locked out This is urgent.,account,neutral,low,account locked out urgent
My package was marked delivered but I did not receive it Thank you in advance.,shipping,negative,low,package marked delivered not receive thank advance
The feature is not working as expected I am very frustrated.,technical_support,neutral,medium,feature not working as expected am very frustrated
Your service has gone downhill significantly I am very frustrated.,complaint,negative,urgent,service gone downhill significantly am very frustrated
What are the specifications of your premium plan I am very frustrated.,product_inquiry,positive,medium,what specifications premium plan am very frustrated
I am very unhappy with the service I received Thank you in advance.,complaint,negative,urgent,am very unhappy service received thank advance
Nobody is responding to my previous emails,complaint,neutral,urgent,nobody responding previous emails
My bank account shows a charge but no confirmation I have been waiting for days.,billing,neutral,medium,bank account shows charge no confirmation waiting days
I have a suggestion for improving the checkout process Can someone assist me?,feedback,positive,low,suggestion improving checkout process can someone assist
I am very unhappy with the service I received,complaint,negative,medium,am very unhappy service received
The customer support team was incredibly helpful,feedback,neutral,low,customer support team incredibly helpful
I cannot verify my email address I am very frustrated.,account,neutral,high,cannot verify email address am very frustrated
I have been waiting 10 days for a resolution I have been waiting for days.,complaint,neutral,high,waiting 10 days resolution waiting days
I want to exchange my item for a different size This is urgent.,returns,neutral,medium,want exchange item different size urgent
How long do refunds take to process Please help me.,returns,neutral,low,how long refunds take process please help
Can I use the product on multiple devices I am very frustrated.,product_inquiry,positive,medium,can use product multiple devices am very frustrated
I forgot my password and cannot reset it Thank you in advance.,account,neutral,medium,forgot password cannot reset thank advance
Thank you for resolving my issue so quickly Thank you in advance.,feedback,positive,low,thank resolving issue quickly thank advance
What are the specifications of your premium plan I am very frustrated.,product_inquiry,positive,medium,what specifications premium plan am very frustrated
I want to return a product I bought last week I have been waiting for days.,returns,negative,low,want return product bought last week waiting days
I have not received my refund after 2 weeks I have been waiting for days.,returns,negative,medium,not received refund after weeks waiting days
Your platform is one of the best I have used Thank you in advance.,feedback,positive,low,platform one best used thank advance
I cannot verify my email address,account,neutral,low,cannot verify email address
Thank you for resolving my issue so quickly I am very frustrated.,feedback,positive,low,thank resolving issue quickly am very frustrated
I need to change my email address I have been waiting for days.,account,neutral,low,need change email address waiting days
I want to exchange my item for a different size Please help me.,returns,negative,low,want exchange item different size please help
My account was hacked and I need help Please help me.,account,neutral,high,account hacked need help please help
My invoice shows an incorrect amount This is urgent.,billing,negative,medium,invoice shows incorrect amount urgent
My bank account shows a charge but no confirmation Can someone assist me?,billing,negative,urgent,bank account shows charge no confirmation can someone assist
My account has been locked out This is urgent.,account,neutral,medium,account locked out urgent
Thank you for resolving my issue so quickly This is urgent.,feedback,positive,low,thank resolving issue quickly urgent
Your platform is one of the best I have used,feedback,positive,low,platform one best used
I need to merge two accounts Can someone assist me?,account,neutral,low,need merge two accounts can someone assist
I want to delete my account and all my data I have been waiting for days.,account,neutral,low,want delete account all data waiting days
I need a refund for the duplicate charge Please help me.,billing,negative,medium,need refund duplicate charge please help
The mobile app is very slow and keeps freezing Can someone assist me?,technical_support,neutral,urgent,mobile app very slow keeps freezing can someone assist
I want to delete my account and all my data,account,neutral,high,want delete account all data
Your agent was extremely rude and unhelpful Thank you in advance.,complaint,negative,medium,agent extremely rude unhelpful thank advance
The mobile app is very slow and keeps freezing This is urgent.,technical_support,neutral,high,mobile app very slow keeps freezing urgent
My order was returned to sender This is urgent.,shipping,neutral,low,order returned sender urgent
Nobody is responding to my previous emails Please help me.,complaint,neutral,urgent,nobody responding previous emails please help
The customer support team was incredibly helpful Can someone assist me?,feedback,neutral,low,customer support team incredibly helpful can someone assist
I am getting a server error when I try to submit Please help me.,technical_support,neutral,medium,am getting server error when try submit please help
I have a suggestion for improving the checkout process This is urgent.,feedback,positive,low,suggestion improving checkout process urgent
The return window was missed due to shipping delays I have been waiting for days.,returns,negative,medium,return window missed due shipping delays waiting days
I need a refund for the duplicate charge Thank you in advance.,billing,negative,high,need refund duplicate charge thank advance
My invoice shows an incorrect amount I am very frustrated.,billing,negative,medium,invoice shows incorrect amount am very frustrated
This is the third time I have had this problem I am very frustrated.,complaint,negative,high,third time problem am very frustrated
This is the third time I have had this problem This is urgent.,complaint,negative,medium,third time problem urgent
I think the mobile app needs a dark mode Please help me.,feedback,positive,low,think mobile app needs dark mode please help
Thank you for resolving my issue so quickly I have been waiting for days.,feedback,positive,low,thank resolving issue quickly waiting days
I want to cancel my subscription and get a refund I am very frustrated.,billing,neutral,urgent,want cancel subscription get refund am very frustrated
My return was rejected but the item was faulty I have been waiting for days.,returns,negative,medium,return rejected item faulty waiting days
Please help me update my profile information I am very frustrated.,account,neutral,medium,please help update profile information am very frustrated
My account was hacked and I need help Thank you in advance.,account,neutral,high,account hacked need help thank advance
Thank you for resolving my issue so quickly Can someone assist me?,feedback,positive,low,thank resolving issue quickly can someone assist
Nobody is responding to my previous emails I have been waiting for days.,complaint,negative,medium,nobody responding previous emails waiting days
How long will my order take to arrive Can someone assist me?,shipping,negative,low,how long order take arrive can someone assist
I need a refund for the duplicate charge I have been waiting for days.,billing,negative,urgent,need refund duplicate charge waiting days
I received the wrong item in my package Please help me.,shipping,negative,high,received wrong item package please help
My return was rejected but the item was faulty This is urgent.,returns,neutral,medium,return rejected item faulty urgent
My order has not arrived after 2 weeks I am very frustrated.,shipping,negative,high,order not arrived after weeks am very frustrated
The website is showing an error 500 This is urgent.,technical_support,neutral,urgent,website showing error 500 urgent
I cannot verify my email address Please help me.,account,neutral,medium,cannot verify email address please help
My bank account shows a charge but no confirmation I am very frustrated.,billing,neutral,high,bank account shows charge no confirmation am very frustrated
I am getting a server error when I try to submit This is urgent.,technical_support,neutral,urgent,am getting server error when try submit urgent
I received the wrong item in my package,shipping,negative,low,received wrong item package
I want to delete my account and all my data Please help me.,account,neutral,medium,want delete account all data please help
My bank account shows a charge but no confirmation,billing,negative,high,bank account shows charge no confirmation
What are the specifications of your premium plan I have been waiting for days.,product_inquiry,positive,low,what specifications premium plan waiting days
The feature is not working as expected Please help me.,technical_support,neutral,high,feature not working as expected please help
I am getting a server error when I try to submit I am very frustrated.,technical_support,neutral,high,am getting server error when try submit am very frustrated
I forgot my password and cannot reset it Can someone assist me?,account,neutral,high,forgot password cannot reset can someone assist
I received a defective product and need a replacement I have been waiting for days.,returns,negative,low,received defective product need replacement waiting days
How long will my order take to arrive This is urgent.,shipping,negative,medium,how long order take arrive urgent
My payment was declined but money left my account Can someone assist me?,billing,negative,medium,payment declined money left account can someone assist
I need to change my email address I have been waiting for days.,account,neutral,medium,need change email address waiting days
The tracking number is not updating Thank you in advance.,shipping,negative,medium,tracking number not updating thank advance
Can I expedite my shipping This is urgent.,shipping,negative,high,can expedite shipping urgent
My order was returned to sender Please help me.,shipping,negative,high,order returned sender please help
I need a refund for the duplicate charge This is urgent.,billing,negative,high,need refund duplicate charge urgent
I have not received my refund after 2 weeks Can someone assist me?,returns,negative,low,not received refund after weeks can someone assist
How long do refunds take to process,returns,negative,low,how long refunds take process
I cannot verify my email address Thank you in advance.,account,neutral,medium,cannot verify email address thank advance
Overall great experience but the loading is a bit slow Can someone assist me?,feedback,neutral,low,overall great experience loading bit slow can someone assist
I am very unhappy with the service I received Can someone assist me?,complaint,negative,urgent,am very unhappy service received can someone assist
I have a suggestion for improving the checkout process Please help me.,feedback,positive,low,suggestion improving checkout process please help
I received the wrong item in my package Please help me.,shipping,negative,medium,received wrong item package please help
I want to exchange my item for a different size Thank you in advance.,returns,negative,low,want exchange item different size thank advance
The website is showing an error 500 I am very frustrated.,technical_support,neutral,medium,website showing error 500 am very frustrated
I have a suggestion for improving the checkout process,feedback,positive,low,suggestion improving checkout process
Is this service available in my country I am very frustrated.,product_inquiry,neutral,low,service available country am very frustrated
I have a suggestion for improving the checkout process I have been waiting for days.,feedback,positive,low,suggestion improving checkout process waiting days
I need to merge two accounts Can someone assist me?,account,neutral,medium,need merge two accounts can someone assist
How long will my order take to arrive Thank you in advance.,shipping,negative,high,how long order take arrive thank advance
What features are included in the enterprise tier,product_inquiry,positive,medium,what features included enterprise tier
Nobody is responding to my previous emails Can someone assist me?,complaint,negative,high,nobody responding previous emails can someone assist
How long do refunds take to process This is urgent.,returns,negative,medium,how long refunds take process urgent
What is the difference between plan A and plan B Thank you in advance.,product_inquiry,positive,low,what difference between plan plan thank advance
My order was returned to sender Can someone assist me?,shipping,negative,high,order returned sender can someone assist
I am furious about how my case was handled I have been waiting for days.,complaint,negative,urgent,am furious how case handled waiting days
The app crashes every time I open it I am very frustrated.,technical_support,neutral,high,app crashes every time open am very frustrated
I have a suggestion for improving the checkout process This is urgent.,feedback,neutral,low,suggestion improving checkout process urgent
Is this service available in my country Please help me.,product_inquiry,neutral,medium,service available country please help
I forgot my password and cannot reset it Can someone assist me?,account,neutral,low,forgot password cannot reset can someone assist
The mobile app is very slow and keeps freezing,technical_support,neutral,high,mobile app very slow keeps freezing
How long do refunds take to process I have been waiting for days.,returns,negative,medium,how long refunds take process waiting days
I was charged twice for my subscription this month I am very frustrated.,billing,negative,medium,charged twice subscription month am very frustrated
I cannot upload files through the platform Please help me.,technical_support,neutral,urgent,cannot upload files through platform please help
I love the new interface you released this week This is urgent.,feedback,positive,low,love new interface released week urgent
The website is showing an error 500 Please help me.,technical_support,neutral,medium,website showing error 500 please help
Your agent was extremely rude and unhelpful I have been waiting for days.,complaint,neutral,high,agent extremely rude unhelpful waiting days
Do you have a free trial available,product_inquiry,neutral,low,free trial available
How long will my order take to arrive Please help me.,shipping,negative,medium,how long order take arrive please help
My bank account shows a charge but no confirmation Can someone assist me?,billing,negative,high,bank account shows charge no confirmation can someone assist
I am considering switching to a competitor,complaint,neutral,medium,am considering switching competitor
Your agent was extremely rude and unhelpful Please help me.,complaint,negative,high,agent extremely rude unhelpful please help
I received a defective product and need a replacement,returns,negative,low,received defective product need replacement
My account has been locked out Thank you in advance.,account,neutral,low,account locked out thank advance
My bank account shows a charge but no confirmation,billing,negative,high,bank account shows charge no confirmation
The app crashes every time I open it I am very frustrated.,technical_support,neutral,medium,app crashes every time open am very frustrated
Thank you for resolving my issue so quickly I am very frustrated.,feedback,positive,medium,thank resolving issue quickly am very frustrated
I cannot upload files through the platform This is urgent.,technical_support,neutral,high,cannot upload files through platform urgent
Can I use the product on multiple devices Thank you in advance.,product_inquiry,neutral,low,can use product multiple devices thank advance
The tracking number is not updating This is urgent.,shipping,negative,medium,tracking number not updating urgent
Thank you for resolving my issue so quickly Please help me.,feedback,positive,low,thank resolving issue quickly please help
My invoice shows an incorrect amount Thank you in advance.,billing,negative,urgent,invoice shows incorrect amount thank advance
The tracking number is not updating Thank you in advance.,shipping,negative,high,tracking number not updating thank advance
My account has been locked out I am very frustrated.,account,neutral,medium,account locked out am very frustrated
Can I use the product on multiple devices I have been waiting for days.,product_inquiry,positive,low,can use product multiple devices waiting days
I was charged twice for my subscription this month Thank you in advance.,billing,neutral,medium,charged twice subscription month thank advance
What is the difference between plan A and plan B,product_inquiry,positive,low,what difference between plan plan
I have been waiting 10 days for a resolution Please help me.,complaint,negative,medium,waiting 10 days resolution please help
Please help me update my profile information Thank you in advance.,account,neutral,medium,please help update profile information thank advance
What features are included in the enterprise tier This is urgent.,product_inquiry,positive,medium,what features included enterprise tier urgent
The app crashes every time I open it Can someone assist me?,technical_support,neutral,medium,app crashes every time open can someone assist
My order was returned to sender Can someone assist me?,shipping,negative,high,order returned sender can someone assist
Why was I charged more than I expected Can someone assist me?,billing,neutral,high,why charged more than expected can someone assist
I cannot verify my email address Thank you in advance.,account,neutral,low,cannot verify email address thank advance
Thank you for resolving my issue so quickly This is urgent.,feedback,positive,low,thank resolving issue quickly urgent
I received a defective product and need a replacement Thank you in advance.,returns,neutral,low,received defective product need replacement thank advance
The app crashes every time I open it I have been waiting for days.,technical_support,neutral,medium,app crashes every time open waiting days
I need to change my delivery address I am very frustrated.,shipping,negative,low,need change delivery address am very frustrated
I received the wrong item in my package Can someone assist me?,shipping,negative,low,received wrong item package can someone assist
I cannot log in to my account Please help me.,technical_support,neutral,urgent,cannot log account please help
Thank you for resolving my issue so quickly I have been waiting for days.,feedback,positive,low,thank resolving issue quickly waiting days
I have not received my refund after 2 weeks Please help me.,returns,negative,medium,not received refund after weeks please help
My account has been locked out Please help me.,account,neutral,low,account locked out please help
The feature is not working as expected I am very frustrated.,technical_support,neutral,medium,feature not working as expected am very frustrated
What is the difference between plan A and plan B Can someone assist me?,product_inquiry,positive,low,what difference between plan plan can someone assist
Nobody is responding to my previous emails This is urgent.,complaint,negative,urgent,nobody responding previous emails urgent
The feature is not working as expected Thank you in advance.,technical_support,neutral,high,feature not working as expected thank advance
I received the wrong item in my package,shipping,negative,high,received wrong item package
The app crashes every time I open it Please help me.,technical_support,neutral,medium,app crashes every time open please help
The website is showing an error 500 Thank you in advance.,technical_support,neutral,high,website showing error 500 thank advance
I received the wrong item in my package Thank you in advance.,shipping,negative,high,received wrong item package thank advance
I cannot verify my email address Can someone assist me?,account,neutral,high,cannot verify email address can someone assist
I want to exchange my item for a different size I am very frustrated.,returns,negative,medium,want exchange item different size am very frustrated
I love the new interface you released this week This is urgent.,feedback,positive,low,love new interface released week urgent
The tracking number is not updating,shipping,neutral,low,tracking number not updating
My order was returned to sender I am very frustrated.,shipping,negative,high,order returned sender am very frustrated
What are the specifications of your premium plan I am very frustrated.,product_inquiry,positive,low,what specifications premium plan am very frustrated
I have been waiting 10 days for a resolution This is urgent.,complaint,negative,high,waiting 10 days resolution urgent
I want to delete my account and all my data I have been waiting for days.,account,neutral,low,want delete account all data waiting days
I want to delete my account and all my data,account,neutral,medium,want delete account all data
I cannot verify my email address I have been waiting for days.,account,neutral,high,cannot verify email address waiting days
I am very unhappy with the service I received This is urgent.,complaint,negative,high,am very unhappy service received urgent
The feature is not working as expected I am very frustrated.,technical_support,neutral,medium,feature not working as expected am very frustrated
I have not received my refund after 2 weeks This is urgent.,returns,negative,low,not received refund after weeks urgent
My invoice shows an incorrect amount Can someone assist me?,billing,negative,urgent,invoice shows incorrect amount can someone assist
I need to change my email address Can someone assist me?,account,neutral,high,need change email address can someone assist
I am considering switching to a competitor This is urgent.,complaint,negative,high,am considering switching competitor urgent
My payment was declined but money left my account I have been waiting for days.,billing,negative,medium,payment declined money left account waiting days
My account was hacked and I need help I have been waiting for days.,account,neutral,medium,account hacked need help waiting days
I want to cancel my subscription and get a refund Please help me.,billing,negative,urgent,want cancel subscription get refund please help
Why was I charged more than I expected This is urgent.,billing,negative,medium,why charged more than expected urgent
I received the wrong item in my package,shipping,neutral,low,received wrong item package
My order was returned to sender Please help me.,shipping,negative,high,order returned sender please help
My bank account shows a charge but no confirmation Thank you in advance.,billing,negative,urgent,bank account shows charge no confirmation thank advance
What is the difference between plan A and plan B I have been waiting for days.,product_inquiry,positive,low,what difference between plan plan waiting days
I want to cancel my subscription and get a refund I have been waiting for days.,billing,negative,urgent,want cancel subscription get refund waiting days
I want to delete my account and all my data Can someone assist me?,account,neutral,medium,want delete account all data can someone assist
My account was hacked and I need help Thank you in advance.,account,neutral,high,account hacked need help thank advance
I want to cancel my subscription and get a refund,billing,negative,high,want cancel subscription get refund
I forgot my password and cannot reset it Thank you in advance.,account,neutral,high,forgot password cannot reset thank advance
Your service has gone downhill significantly,complaint,negative,urgent,service gone downhill significantly
I have a suggestion for improving the checkout process Thank you in advance.,feedback,positive,low,suggestion improving checkout process thank advance
I received a defective product and need a replacement,returns,negative,low,received defective product need replacement
I need to change my email address,account,neutral,low,need change email address
How does the cancellation policy work I am very frustrated.,product_inquiry,positive,low,how cancellation policy work am very frustrated
Does this product come with a warranty I am very frustrated.,product_inquiry,positive,low,product come warranty am very frustrated
Does this product come with a warranty Please help me.,product_inquiry,neutral,low,product come warranty please help
How long do refunds take to process This is urgent.,returns,negative,medium,how long refunds take process urgent
The website is showing an error 500 I have been waiting for days.,technical_support,neutral,urgent,website showing error 500 waiting days
I am getting a server error when I try to submit Please help me.,technical_support,neutral,urgent,am getting server error when try submit please help
I have a suggestion for improving the checkout process I have been waiting for days.,feedback,positive,low,suggestion improving checkout process waiting days
I forgot my password and cannot reset it Thank you in advance.,account,neutral,low,forgot password cannot reset thank advance
I want to exchange my item for a different size Thank you in advance.,returns,negative,low,want exchange item different size thank advance
Do you have a free trial available Can someone assist me?,product_inquiry,positive,medium,free trial available can someone assist
I received a defective product and need a replacement Thank you in advance.,returns,neutral,medium,received defective product need replacement thank advance
Thank you for resolving my issue so quickly,feedback,positive,low,thank resolving issue quickly
My payment was declined but money left my account,billing,neutral,medium,payment declined money left account
I love the new interface you released this week Thank you in advance.,feedback,neutral,low,love new interface released week thank advance
My order was returned to sender,shipping,neutral,medium,order returned sender
I want to return a product I bought last week Please help me.,returns,negative,low,want return product bought last week please help
Thank you for resolving my issue so quickly I have been waiting for days.,feedback,positive,medium,thank resolving issue quickly waiting days
Does this product come with a warranty I am very frustrated.,product_inquiry,positive,low,product come warranty am very frustrated
How does the cancellation policy work I have been waiting for days.,product_inquiry,neutral,low,how cancellation policy work waiting days
I need to change my delivery address Can someone assist me?,shipping,negative,medium,need change delivery address can someone assist
I have not received my refund after 2 weeks I am very frustrated.,returns,negative,low,not received refund after weeks am very frustrated
I need a refund for the duplicate charge Thank you in advance.,billing,neutral,urgent,need refund duplicate charge thank advance
Why was I charged more than I expected Please help me.,billing,neutral,high,why charged more than expected please help
Is this service available in my country I have been waiting for days.,product_inquiry,positive,medium,service available country waiting days
I need to change my delivery address,shipping,neutral,high,need change delivery address
I want to cancel my subscription and get a refund This is urgent.,billing,neutral,high,want cancel subscription get refund urgent
My bank account shows a charge but no confirmation Thank you in advance.,billing,negative,urgent,bank account shows charge no confirmation thank advance
The tracking number is not updating I am very frustrated.,shipping,neutral,high,tracking number not updating am very frustrated
I can't update my credit card information,billing,negative,urgent,can update credit card information
I want to delete my account and all my data Can someone assist me?,account,neutral,high,want delete account all data can someone assist
I want to exchange my item for a different size Please help me.,returns,neutral,medium,want exchange item different size please help
I received a defective product and need a replacement This is urgent.,returns,negative,medium,received defective product need replacement urgent
What are the specifications of your premium plan Can someone assist me?,product_inquiry,positive,low,what specifications premium plan can someone assist
I cannot upload files through the platform I have been waiting for days.,technical_support,neutral,urgent,cannot upload files through platform waiting days
Can I expedite my shipping I have been waiting for days.,shipping,negative,medium,can expedite shipping waiting days
Thank you for resolving my issue so quickly Thank you in advance.,feedback,positive,low,thank resolving issue quickly thank advance
Does this product come with a warranty Thank you in advance.,product_inquiry,neutral,low,product come warranty thank advance
How long do refunds take to process I have been waiting for days.,returns,negative,low,how long refunds take process waiting days
What features are included in the enterprise tier,product_inquiry,positive,low,what features included enterprise tier
Do you have a free trial available,product_inquiry,positive,low,free trial available
I want to delete my account and all my data Can someone assist me?,account,neutral,low,want delete account all data can someone assist
How does the cancellation policy work I am very frustrated.,product_inquiry,positive,low,how cancellation policy work am very frustrated
I love the new interface you released this week I have been waiting for days.,feedback,neutral,low,love new interface released week waiting days
The mobile app is very slow and keeps freezing Can someone assist me?,technical_support,neutral,urgent,mobile app very slow keeps freezing can someone assist
I need to change my delivery address I am very frustrated.,shipping,neutral,medium,need change delivery address am very frustrated
Overall great experience but the loading is a bit slow Thank you in advance.,feedback,positive,medium,overall great experience loading bit slow thank advance
My return was rejected but the item was faulty I am very frustrated.,returns,negative,medium,return rejected item faulty am very frustrated
How long will my order take to arrive Thank you in advance.,shipping,neutral,medium,how long order take arrive thank advance
I need to change my email address I am very frustrated.,account,neutral,high,need change email address am very frustrated
I want to delete my account and all my data,account,neutral,medium,want delete account all data
I have not received my refund after 2 weeks Please help me.,returns,neutral,medium,not received refund after weeks please help
My order was returned to sender Thank you in advance.,shipping,negative,high,order returned sender thank advance
The return window was missed due to shipping delays I am very frustrated.,returns,neutral,low,return window missed due shipping delays am very frustrated
Can I use the product on multiple devices This is urgent.,product_inquiry,positive,medium,can use product multiple devices urgent
The tracking number is not updating,shipping,negative,low,tracking number not updating
My return was rejected but the item was faulty Can someone assist me?,returns,negative,low,return rejected item faulty can someone assist
I cannot verify my email address This is urgent.,account,neutral,low,cannot verify email address urgent
The app crashes every time I open it Please help me.,technical_support,neutral,high,app crashes every time open please help
I want to cancel my subscription and get a refund Can someone assist me?,billing,negative,high,want cancel subscription get refund can someone assist
My payment was declined but money left my account I am very frustrated.,billing,negative,high,payment declined money left account am very frustrated
Can I use the product on multiple devices Thank you in advance.,product_inquiry,positive,low,can use product multiple devices thank advance
My payment was declined but money left my account This is urgent.,billing,negative,urgent,payment declined money left account urgent
I need to change my email address Please help me.,account,neutral,low,need change email address please help
I want to cancel my subscription and get a refund Please help me.,billing,neutral,urgent,want cancel subscription get refund please help
My package was marked delivered but I did not receive it This is urgent.,shipping,neutral,low,package marked delivered not receive urgent
I forgot my password and cannot reset it I have been waiting for days.,account,neutral,medium,forgot password cannot reset waiting days
Your platform is one of the best I have used Can someone assist me?,feedback,positive,low,platform one best used can someone assist
I think the mobile app needs a dark mode This is urgent.,feedback,positive,low,think mobile app needs dark mode urgent
I am considering switching to a competitor Please help me.,complaint,negative,high,am considering switching competitor please help
Why was I charged more than I expected I have been waiting for days.,billing,negative,high,why charged more than expected waiting days
My payment was declined but money left my account Please help me.,billing,negative,medium,payment declined money left account please help
How long do refunds take to process I am very frustrated.,returns,neutral,low,how long refunds take process am very frustrated
What features are included in the enterprise tier Please help me.,product_inquiry,positive,medium,what features included enterprise tier please help
I want to cancel my subscription and get a refund Can someone assist me?,billing,negative,high,want cancel subscription get refund can someone assist
The return window was missed due to shipping delays I have been waiting for days.,returns,negative,medium,return window missed due shipping delays waiting days
I cannot upload files through the platform Thank you in advance.,technical_support,neutral,urgent,cannot upload files through platform thank advance
My bank account shows a charge but no confirmation Thank you in advance.,billing,negative,medium,bank account shows charge no confirmation thank advance
My account has been locked out I have been waiting for days.,account,neutral,medium,account locked out waiting days
What features are included in the enterprise tier I am very frustrated.,product_inquiry,positive,low,what features included enterprise tier am very frustrated
How long will my order take to arrive This is urgent.,shipping,negative,low,how long order take arrive urgent
My payment was declined but money left my account Please help me.,billing,negative,urgent,payment declined money left account please help
My order has not arrived after 2 weeks Please help me.,shipping,negative,low,order not arrived after weeks please help
What features are included in the enterprise tier This is urgent.,product_inquiry,positive,medium,what features included enterprise tier urgent
I received the wrong item in my package This is urgent.,shipping,negative,high,received wrong item package urgent
I want to exchange my item for a different size,returns,negative,medium,want exchange item different size
I need to change my delivery address Can someone assist me?,shipping,negative,low,need change delivery address can someone assist
I am furious about how my case was handled I have been waiting for days.,complaint,neutral,urgent,am furious how case handled waiting days
What is the difference between plan A and plan B Can someone assist me?,product_inquiry,positive,low,what difference between plan plan can someone assist
I want to cancel my subscription and get a refund I am very frustrated.,billing,negative,medium,want cancel subscription get refund am very frustrated
I have been waiting 10 days for a resolution Please help me.,complaint,negative,urgent,waiting 10 days resolution please help
Thank you for resolving my issue so quickly,feedback,positive,low,thank resolving issue quickly
The customer support team was incredibly helpful Thank you in advance.,feedback,positive,medium,customer support team incredibly helpful thank advance
Can I use the product on multiple devices,product_inquiry,positive,low,can use product multiple devices
The return window was missed due to shipping delays Thank you in advance.,returns,neutral,low,return window missed due shipping delays thank advance
I love the new interface you released this week I am very frustrated.,feedback,positive,low,love new interface released week am very frustrated
Do you have a free trial available Thank you in advance.,product_inquiry,positive,low,free trial available thank advance
I received a defective product and need a replacement,returns,negative,low,received defective product need replacement
My account was hacked and I need help Thank you in advance.,account,neutral,medium,account hacked need help thank advance
How long do refunds take to process Can someone assist me?,returns,negative,low,how long refunds take process can someone assist
I have not received my refund after 2 weeks Thank you in advance.,returns,neutral,low,not received refund after weeks thank advance
I received the wrong item in my package This is urgent.,shipping,negative,high,received wrong item package urgent
I cannot upload files through the platform I have been waiting for days.,technical_support,neutral,urgent,cannot upload files through platform waiting days
How long will my order take to arrive This is urgent.,shipping,negative,medium,how long order take arrive urgent
My account has been locked out Please help me.,account,neutral,high,account locked out please help
My account has been locked out Can someone assist me?,account,neutral,high,account locked out can someone assist
Does this product come with a warranty I have been waiting for days.,product_inquiry,positive,low,product come warranty waiting days
I need a refund for the duplicate charge,billing,negative,high,need refund duplicate charge
I received the wrong item in my package,shipping,negative,high,received wrong item package
How does the cancellation policy work Please help me.,product_inquiry,positive,low,how cancellation policy work please help
I need a refund for the duplicate charge I am very frustrated.,billing,negative,urgent,need refund duplicate charge am very frustrated
I need to change my email address I am very frustrated.,account,neutral,high,need change email address am very frustrated
Your service has gone downhill significantly Can someone assist me?,complaint,negative,medium,service gone downhill significantly can someone assist
Your platform is one of the best I have used,feedback,positive,medium,platform one best used
I forgot my password and cannot reset it Can someone assist me?,account,neutral,low,forgot password cannot reset can someone assist
Do you have a free trial available Can someone assist me?,product_inquiry,positive,low,free trial available can someone assist
I have a suggestion for improving the checkout process I am very frustrated.,feedback,positive,low,suggestion improving checkout process am very frustrated
I love the new interface you released this week,feedback,neutral,low,love new interface released week
My bank account shows a charge but no confirmation I have been waiting for days.,billing,negative,urgent,bank account shows charge no confirmation waiting days
My order has not arrived after 2 weeks,shipping,negative,low,order not arrived after weeks
I was charged twice for my subscription this month Thank you in advance.,billing,negative,high,charged twice subscription month thank advance
I need to change my email address Please help me.,account,neutral,high,need change email address please help
I want to cancel my subscription and get a refund I have been waiting for days.,billing,negative,urgent,want cancel subscription get refund waiting days
What are the specifications of your premium plan Can someone assist me?,product_inquiry,positive,low,what specifications premium plan can someone assist
I need to change my delivery address Please help me.,shipping,neutral,low,need change delivery address please help
This is the third time I have had this problem This is urgent.,complaint,negative,high,third time problem urgent
I am furious about how my case was handled This is urgent.,complaint,neutral,high,am furious how case handled urgent
I need to change my email address This is urgent.,account,neutral,medium,need change email address urgent
I want to cancel my subscription and get a refund Please help me.,billing,neutral,high,want cancel subscription get refund please help
I cannot log in to my account Thank you in advance.,technical_support,neutral,high,cannot log account thank advance
Thank you for resolving my issue so quickly I am very frustrated.,feedback,neutral,medium,thank resolving issue quickly am very frustrated
I want to return a product I bought last week I am very frustrated.,returns,negative,medium,want return product bought last week am very frustrated
I want to exchange my item for a different size Thank you in advance.,returns,neutral,low,want exchange item different size thank advance
I think the mobile app needs a dark mode,feedback,positive,medium,think mobile app needs dark mode
I need to change my email address I am very frustrated.,account,neutral,medium,need change email address am very frustrated
I am getting a server error when I try to submit I am very frustrated.,technical_support,neutral,medium,am getting server error when try submit am very frustrated
I am very unhappy with the service I received I am very frustrated.,complaint,negative,medium,am very unhappy service received am very frustrated
I need a refund for the duplicate charge,billing,negative,medium,need refund duplicate charge
My invoice shows an incorrect amount,billing,negative,high,invoice shows incorrect amount
Is this service available in my country,product_inquiry,positive,medium,service available country
How long do refunds take to process,returns,neutral,low,how long refunds take process
My payment was declined but money left my account Can someone assist me?,billing,neutral,medium,payment declined money left account can someone assist
Overall great experience but the loading is a bit slow Thank you in advance.,feedback,neutral,low,overall great experience loading bit slow thank advance
I was charged twice for my subscription this month Thank you in advance.,billing,negative,urgent,charged twice subscription month thank advance
The tracking number is not updating This is urgent.,shipping,negative,low,tracking number not updating urgent
My account was hacked and I need help Thank you in advance.,account,neutral,low,account hacked need help thank advance
Please help me update my profile information Can someone assist me?,account,neutral,high,please help update profile information can someone assist
The mobile app is very slow and keeps freezing Thank you in advance.,technical_support,neutral,high,mobile app very slow keeps freezing thank advance
I am very unhappy with the service I received This is urgent.,complaint,negative,medium,am very unhappy service received urgent
I cannot log in to my account I have been waiting for days.,technical_support,neutral,high,cannot log account waiting days
The mobile app is very slow and keeps freezing Thank you in advance.,technical_support,neutral,urgent,mobile app very slow keeps freezing thank advance
I have not received my refund after 2 weeks This is urgent.,returns,negative,medium,not received refund after weeks urgent
Can I use the product on multiple devices Please help me.,product_inquiry,neutral,medium,can use product multiple devices please help
My order was returned to sender Thank you in advance.,shipping,negative,high,order returned sender thank advance
I am furious about how my case was handled Thank you in advance.,complaint,negative,urgent,am furious how case handled thank advance
Can I expedite my shipping Please help me.,shipping,neutral,medium,can expedite shipping please help
I forgot my password and cannot reset it This is urgent.,account,neutral,high,forgot password cannot reset urgent
I need a refund for the duplicate charge This is urgent.,billing,negative,medium,need refund duplicate charge urgent
I cannot log in to my account Thank you in advance.,technical_support,neutral,urgent,cannot log account thank advance
My bank account shows a charge but no confirmation Can someone assist me?,billing,negative,medium,bank account shows charge no confirmation can someone assist
Nobody is responding to my previous emails,complaint,negative,urgent,nobody responding previous emails
The mobile app is very slow and keeps freezing This is urgent.,technical_support,neutral,urgent,mobile app very slow keeps freezing urgent
My account was hacked and I need help I have been waiting for days.,account,neutral,high,account hacked need help waiting days
I need a refund for the duplicate charge Please help me.,billing,negative,medium,need refund duplicate charge please help
The return window was missed due to shipping delays Please help me.,returns,negative,medium,return window missed due shipping delays please help
I want to exchange my item for a different size Thank you in advance.,returns,negative,low,want exchange item different size thank advance
My account was hacked and I need help,account,neutral,medium,account hacked need help
I am considering switching to a competitor I am very frustrated.,complaint,negative,high,am considering switching competitor am very frustrated
My account was hacked and I need help Can someone assist me?,account,neutral,medium,account hacked need help can someone assist
Is this service available in my country Please help me.,product_inquiry,positive,low,service available country please help
My order has not arrived after 2 weeks Thank you in advance.,shipping,negative,high,order not arrived after weeks thank advance
My payment was declined but money left my account Can someone assist me?,billing,neutral,medium,payment declined money left account can someone assist
How do I initiate a return for a damaged item,returns,neutral,low,how initiate return damaged item
Your platform is one of the best I have used This is urgent.,feedback,positive,medium,platform one best used urgent
Do you have a free trial available Please help me.,product_inquiry,positive,medium,free trial available please help
How long will my order take to arrive Can someone assist me?,shipping,neutral,medium,how long order take arrive can someone assist
Thank you for resolving my issue so quickly I am very frustrated.,feedback,neutral,medium,thank resolving issue quickly am very frustrated
I want to cancel my subscription and get a refund,billing,negative,high,want cancel subscription get refund
Overall great experience but the loading is a bit slow I have been waiting for days.,feedback,positive,medium,overall great experience loading bit slow waiting days
I cannot log in to my account Please help me.,technical_support,neutral,high,cannot log account please help
My order was returned to sender This is urgent.,shipping,negative,low,order returned sender urgent
My package was marked delivered but I did not receive it I am very frustrated.,shipping,neutral,low,package marked delivered not receive am very frustrated
My payment was declined but money left my account Please help me.,billing,negative,high,payment declined money left account please help
I want to delete my account and all my data I am very frustrated.,account,neutral,high,want delete account all data am very frustrated
I am very unhappy with the service I received I am very frustrated.,complaint,neutral,medium,am very unhappy service received am very frustrated
What features are included in the enterprise tier Thank you in advance.,product_inquiry,positive,low,what features included enterprise tier thank advance
I forgot my password and cannot reset it Thank you in advance.,account,neutral,medium,forgot password cannot reset thank advance
The return window was missed due to shipping delays Can someone assist me?,returns,negative,medium,return window missed due shipping delays can someone assist
My return was rejected but the item was faulty Please help me.,returns,negative,low,return rejected item faulty please help
Does this product come with a warranty,product_inquiry,neutral,low,product come warranty
My order has not arrived after 2 weeks,shipping,negative,high,order not arrived after weeks
Your service has gone downhill significantly This is urgent.,complaint,neutral,high,service gone downhill significantly urgent
Your agent was extremely rude and unhelpful I am very frustrated.,complaint,negative,medium,agent extremely rude unhelpful am very frustrated
I can't update my credit card information Please help me.,billing,negative,urgent,can update credit card information please help
This is the third time I have had this problem Can someone assist me?,complaint,negative,urgent,third time problem can someone assist
I cannot verify my email address I have been waiting for days.,account,neutral,low,cannot verify email address waiting days
Thank you for resolving my issue so quickly Please help me.,feedback,positive,medium,thank resolving issue quickly please help
What features are included in the enterprise tier Please help me.,product_inquiry,positive,low,what features included enterprise tier please help
My data is not syncing between devices This is urgent.,technical_support,neutral,urgent,data not syncing between devices urgent
I think the mobile app needs a dark mode Can someone assist me?,feedback,positive,medium,think mobile app needs dark mode can someone assist
Thank you for resolving my issue so quickly,feedback,positive,low,thank resolving issue quickly
I have been waiting 10 days for a resolution Please help me.,complaint,negative,high,waiting 10 days resolution please help
Overall great experience but the loading is a bit slow Can someone assist me?,feedback,neutral,medium,overall great experience loading bit slow can someone assist
The mobile app is very slow and keeps freezing I am very frustrated.,technical_support,neutral,medium,mobile app very slow keeps freezing am very frustrated
I cannot verify my email address,account,neutral,low,cannot verify email address
My account has been locked out Please help me.,account,neutral,low,account locked out please help
My account has been locked out Thank you in advance.,account,neutral,medium,account locked out thank advance
What is the difference between plan A and plan B Can someone assist me?,product_inquiry,positive,low,what difference between plan plan can someone assist
The mobile app is very slow and keeps freezing Can someone assist me?,technical_support,neutral,medium,mobile app very slow keeps freezing can someone assist
The feature is not working as expected Thank you in advance.,technical_support,neutral,high,feature not working as expected thank advance
The feature is not working as expected This is urgent.,technical_support,neutral,urgent,feature not working as expected urgent
What are the specifications of your premium plan I am very frustrated.,product_inquiry,positive,low,what specifications premium plan am very frustrated
Can I use the product on multiple devices I have been waiting for days.,product_inquiry,positive,low,can use product multiple devices waiting days
I need to change my email address Can someone assist me?,account,neutral,medium,need change email address can someone assist
I have been waiting 10 days for a resolution I have been waiting for days.,complaint,negative,urgent,waiting 10 days resolution waiting days
My data is not syncing between devices I am very frustrated.,technical_support,neutral,urgent,data not syncing between devices am very frustrated
The feature is not working as expected Please help me.,technical_support,neutral,high,feature not working as expected please help
Thank you for resolving my issue so quickly Thank you in advance.,feedback,positive,low,thank resolving issue quickly thank advance
What is the difference between plan A and plan B Please help me.,product_inquiry,positive,low,what difference between plan plan please help
Would love to see monthly billing as an option Can someone assist me?,feedback,positive,low,love see monthly billing as option can someone assist
My return was rejected but the item was faulty,returns,negative,medium,return rejected item faulty
Can I use the product on multiple devices I have been waiting for days.,product_inquiry,neutral,low,can use product multiple devices waiting days
I am getting a server error when I try to submit Can someone assist me?,technical_support,neutral,urgent,am getting server error when try submit can someone assist
What features are included in the enterprise tier I am very frustrated.,product_inquiry,positive,medium,what features included enterprise tier am very frustrated
What is the difference between plan A and plan B I am very frustrated.,product_inquiry,positive,low,what difference between plan plan am very frustrated
The customer support team was incredibly helpful This is urgent.,feedback,neutral,low,customer support team incredibly helpful urgent
This is the third time I have had this problem Thank you in advance.,complaint,negative,high,third time problem thank advance
I have a suggestion for improving the checkout process I am very frustrated.,feedback,positive,low,suggestion improving checkout process am very frustrated
I have been waiting 10 days for a resolution This is urgent.,complaint,negative,urgent,waiting 10 days resolution urgent
I cannot upload files through the platform I am very frustrated.,technical_support,neutral,urgent,cannot upload files through platform am very frustrated
I cannot log in to my account,technical_support,neutral,medium,cannot log account
The feature is not working as expected,technical_support,neutral,high,feature not working as expected
I have a suggestion for improving the checkout process Can someone assist me?,feedback,positive,medium,suggestion improving checkout process can someone assist
My bank account shows a charge but no confirmation Please help me.,billing,negative,medium,bank account shows charge no confirmation please help
I have been waiting 10 days for a resolution Please help me.,complaint,neutral,medium,waiting 10 days resolution please help
How long will my order take to arrive Please help me.,shipping,negative,low,how long order take arrive please help
I have not received my refund after 2 weeks This is urgent.,returns,neutral,low,not received refund after weeks urgent
I was charged twice for my subscription this month Can someone assist me?,billing,negative,urgent,charged twice subscription month can someone assist
I want to exchange my item for a different size I am very frustrated.,returns,negative,low,want exchange item different size am very frustrated
My bank account shows a charge but no confirmation Please help me.,billing,negative,urgent,bank account shows charge no confirmation please help
My bank account shows a charge but no confirmation This is urgent.,billing,negative,medium,bank account shows charge no confirmation urgent
I am very unhappy with the service I received I have been waiting for days.,complaint,negative,high,am very unhappy service received waiting days
My return was rejected but the item was faulty,returns,negative,low,return rejected item faulty
The return window was missed due to shipping delays,returns,negative,medium,return window missed due shipping delays
The return window was missed due to shipping delays Thank you in advance.,returns,neutral,low,return window missed due shipping delays thank advance
I want to cancel my subscription and get a refund I have been waiting for days.,billing,negative,high,want cancel subscription get refund waiting days
Nobody is responding to my previous emails This is urgent.,complaint,negative,urgent,nobody responding previous emails urgent
I have not received my refund after 2 weeks Thank you in advance.,returns,negative,medium,not received refund after weeks thank advance
Do you have a free trial available I am very frustrated.,product_inquiry,positive,low,free trial available am very frustrated
I received the wrong item in my package This is urgent.,shipping,negative,high,received wrong item package urgent
I have a suggestion for improving the checkout process Thank you in advance.,feedback,positive,low,suggestion improving checkout process thank advance
I have been waiting 10 days for a resolution I am very frustrated.,complaint,negative,urgent,waiting 10 days resolution am very frustrated
My return was rejected but the item was faulty,returns,negative,low,return rejected item faulty
I want to cancel my subscription and get a refund Thank you in advance.,billing,negative,medium,want cancel subscription get refund thank advance
My data is not syncing between devices This is urgent.,technical_support,neutral,urgent,data not syncing between devices urgent
What are the specifications of your premium plan Can someone assist me?,product_inquiry,neutral,medium,what specifications premium plan can someone assist
My payment was declined but money left my account I am very frustrated.,billing,negative,medium,payment declined money left account am very frustrated
I am considering switching to a competitor Can someone assist me?,complaint,negative,urgent,am considering switching competitor can someone assist
I love the new interface you released this week,feedback,positive,low,love new interface released week
My data is not syncing between devices Can someone assist me?,technical_support,neutral,medium,data not syncing between devices can someone assist
Nobody is responding to my previous emails I am very frustrated.,complaint,negative,medium,nobody responding previous emails am very frustrated
How long will my order take to arrive Thank you in advance.,shipping,neutral,medium,how long order take arrive thank advance
I am furious about how my case was handled This is urgent.,complaint,negative,medium,am furious how case handled urgent
The website is showing an error 500 Can someone assist me?,technical_support,neutral,medium,website showing error 500 can someone assist
My account was hacked and I need help,account,neutral,high,account hacked need help
I am considering switching to a competitor Can someone assist me?,complaint,negative,medium,am considering switching competitor can someone assist
I love the new interface you released this week I am very frustrated.,feedback,neutral,medium,love new interface released week am very frustrated
Your agent was extremely rude and unhelpful I am very frustrated.,complaint,negative,urgent,agent extremely rude unhelpful am very frustrated
How does the cancellation policy work I am very frustrated.,product_inquiry,positive,low,how cancellation policy work am very frustrated
I can't update my credit card information Can someone assist me?,billing,negative,medium,can update credit card information can someone assist
I cannot log in to my account Please help me.,technical_support,neutral,urgent,cannot log account please help
I forgot my password and cannot reset it,account,neutral,medium,forgot password cannot reset
I received the wrong item in my package Please help me.,shipping,negative,medium,received wrong item package please help
I have a suggestion for improving the checkout process I have been waiting for days.,feedback,positive,medium,suggestion improving checkout process waiting days
Please help me update my profile information I am very frustrated.,account,neutral,low,please help update profile information am very frustrated
I was charged twice for my subscription this month Thank you in advance.,billing,neutral,urgent,charged twice subscription month thank advance
How does the cancellation policy work I am very frustrated.,product_inquiry,positive,low,how cancellation policy work am very frustrated
How does the cancellation policy work,product_inquiry,positive,medium,how cancellation policy work
My order was returned to sender,shipping,negative,low,order returned sender
What features are included in the enterprise tier I have been waiting for days.,product_inquiry,positive,low,what features included enterprise tier waiting days
I need to change my delivery address Can someone assist me?,shipping,negative,high,need change delivery address can someone assist
I need to merge two accounts I have been waiting for days.,account,neutral,medium,need merge two accounts waiting days
I want to delete my account and all my data This is urgent.,account,neutral,medium,want delete account all data urgent
Your platform is one of the best I have used Please help me.,feedback,positive,low,platform one best used please help
I am getting a server error when I try to submit Please help me.,technical_support,neutral,urgent,am getting server error when try submit please help
My package was marked delivered but I did not receive it Thank you in advance.,shipping,negative,medium,package marked delivered not receive thank advance
I forgot my password and cannot reset it I am very frustrated.,account,neutral,low,forgot password cannot reset am very frustrated
I want to delete my account and all my data,account,neutral,high,want delete account all data
My return was rejected but the item was faulty Thank you in advance.,returns,negative,low,return rejected item faulty thank advance
My payment was declined but money left my account This is urgent.,billing,negative,high,payment declined money left account urgent
My order has not arrived after 2 weeks,shipping,negative,medium,order not arrived after weeks
How does the cancellation policy work Can someone assist me?,product_inquiry,neutral,medium,how cancellation policy work can someone assist
I need to change my delivery address Thank you in advance.,shipping,negative,low,need change delivery address thank advance
The return window was missed due to shipping delays Thank you in advance.,returns,neutral,medium,return window missed due shipping delays thank advance
I need to change my email address This is urgent.,account,neutral,high,need change email address urgent
Do you have a free trial available Can someone assist me?,product_inquiry,positive,medium,free trial available can someone assist
Please help me update my profile information Thank you in advance.,account,neutral,low,please help update profile information thank advance
I need to merge two accounts Thank you in advance.,account,neutral,high,need merge two accounts thank advance
The website is showing an error 500,technical_support,neutral,medium,website showing error 500
Why was I charged more than I expected I have been waiting for days.,billing,neutral,high,why charged more than expected waiting days
The website is showing an error 500 This is urgent.,technical_support,neutral,high,website showing error 500 urgent
How do I initiate a return for a damaged item I have been waiting for days.,returns,negative,medium,how initiate return damaged item waiting days
The app crashes every time I open it Please help me.,technical_support,neutral,medium,app crashes every time open please help
How long will my order take to arrive I am very frustrated.,shipping,neutral,high,how long order take arrive am very frustrated
I want to delete my account and all my data This is urgent.,account,neutral,high,want delete account all data urgent
I cannot log in to my account I am very frustrated.,technical_support,neutral,urgent,cannot log account am very frustrated
I need a refund for the duplicate charge I have been waiting for days.,billing,neutral,high,need refund duplicate charge waiting days
I am very unhappy with the service I received,complaint,negative,high,am very unhappy service received
I forgot my password and cannot reset it This is urgent.,account,neutral,high,forgot password cannot reset urgent
I want to return a product I bought last week Can someone assist me?,returns,neutral,low,want return product bought last week can someone assist
How do I initiate a return for a damaged item I have been waiting for days.,returns,neutral,low,how initiate return damaged item waiting days
My account was hacked and I need help I have been waiting for days.,account,neutral,medium,account hacked need help waiting days
My bank account shows a charge but no confirmation I have been waiting for days.,billing,negative,high,bank account shows charge no confirmation waiting days
I need to merge two accounts Please help me.,account,neutral,medium,need merge two accounts please help
My payment was declined but money left my account,billing,negative,high,payment declined money left account
This is the third time I have had this problem This is urgent.,complaint,neutral,high,third time problem urgent
I am considering switching to a competitor I am very frustrated.,complaint,negative,medium,am considering switching competitor am very frustrated
I received the wrong item in my package I have been waiting for days.,shipping,negative,high,received wrong item package waiting days
I need a refund for the duplicate charge I am very frustrated.,billing,negative,urgent,need refund duplicate charge am very frustrated
Your agent was extremely rude and unhelpful Thank you in advance.,complaint,negative,urgent,agent extremely rude unhelpful thank advance
Can I expedite my shipping Thank you in advance.,shipping,neutral,high,can expedite shipping thank advance
I am very unhappy with the service I received This is urgent.,complaint,negative,urgent,am very unhappy service received urgent
I need to change my email address I have been waiting for days.,account,neutral,high,need change email address waiting days
My bank account shows a charge but no confirmation Can someone assist me?,billing,negative,high,bank account shows charge no confirmation can someone assist
My invoice shows an incorrect amount Please help me.,billing,negative,urgent,invoice shows incorrect amount please help
I forgot my password and cannot reset it Can someone assist me?,account,neutral,low,forgot password cannot reset can someone assist
Your agent was extremely rude and unhelpful Can someone assist me?,complaint,negative,high,agent extremely rude unhelpful can someone assist
My account has been locked out This is urgent.,account,neutral,medium,account locked out urgent
I cannot upload files through the platform I have been waiting for days.,technical_support,neutral,urgent,cannot upload files through platform waiting days
I cannot verify my email address I am very frustrated.,account,neutral,medium,cannot verify email address am very frustrated
My return was rejected but the item was faulty,returns,neutral,low,return rejected item faulty
I cannot log in to my account Can someone assist me?,technical_support,neutral,high,cannot log account can someone assist
I need to change my delivery address Please help me.,shipping,neutral,medium,need change delivery address please help
My package was marked delivered but I did not receive it This is urgent.,shipping,neutral,low,package marked delivered not receive urgent
Why was I charged more than I expected Please help me.,billing,negative,urgent,why charged more than expected please help
Is this service available in my country Thank you in advance.,product_inquiry,positive,low,service available country thank advance
The customer support team was incredibly helpful Can someone assist me?,feedback,positive,medium,customer support team incredibly helpful can someone assist
What are the specifications of your premium plan I am very frustrated.,product_inquiry,neutral,low,what specifications premium plan am very frustrated
Does this product come with a warranty Please help me.,product_inquiry,positive,low,product come warranty please help
I want to return a product I bought last week This is urgent.,returns,neutral,low,want return product bought last week urgent
This is the third time I have had this problem I have been waiting for days.,complaint,negative,high,third time problem waiting days
I think the mobile app needs a dark mode Can someone assist me?,feedback,positive,medium,think mobile app needs dark mode can someone assist
I cannot verify my email address This is urgent.,account,neutral,medium,cannot verify email address urgent
I want to exchange my item for a different size Please help me.,returns,negative,medium,want exchange item different size please help
Please help me update my profile information Can someone assist me?,account,neutral,high,please help update profile information can someone assist
Would love to see monthly billing as an option Can someone assist me?,feedback,positive,low,love see monthly billing as option can someone assist
Would love to see monthly billing as an option Please help me.,feedback,positive,low,love see monthly billing as option please help
The tracking number is not updating Thank you in advance.,shipping,negative,high,tracking number not updating thank advance
I have been waiting 10 days for a resolution Please help me.,complaint,negative,urgent,waiting 10 days resolution please help
What features are included in the enterprise tier Can someone assist me?,product_inquiry,positive,medium,what features included enterprise tier can someone assist
My order was returned to sender Please help me.,shipping,negative,medium,order returned sender please help
Is this service available in my country Please help me.,product_inquiry,positive,low,service available country please help
I need to change my delivery address,shipping,negative,medium,need change delivery address
I forgot my password and cannot reset it I have been waiting for days.,account,neutral,high,forgot password cannot reset waiting days
I received the wrong item in my package Please help me.,shipping,negative,medium,received wrong item package please help
Overall great experience but the loading is a bit slow,feedback,positive,low,overall great experience loading bit slow
Can I expedite my shipping This is urgent.,shipping,negative,medium,can expedite shipping urgent
I need to merge two accounts Can someone assist me?,account,neutral,medium,need merge two accounts can someone assist
Can I use the product on multiple devices,product_inquiry,positive,low,can use product multiple devices
I am very unhappy with the service I received Please help me.,complaint,neutral,medium,am very unhappy service received please help
How long will my order take to arrive Thank you in advance.,shipping,negative,medium,how long order take arrive thank advance
I can't update my credit card information Thank you in advance.,billing,negative,medium,can update credit card information thank advance
I need to change my email address Please help me.,account,neutral,high,need change email address please help
I am very unhappy with the service I received Thank you in advance.,complaint,negative,medium,am very unhappy service received thank advance
Your service has gone downhill significantly This is urgent.,complaint,negative,urgent,service gone downhill significantly urgent
I have been waiting 10 days for a resolution,complaint,negative,urgent,waiting 10 days resolution
I cannot log in to my account Thank you in advance.,technical_support,neutral,urgent,cannot log account thank advance
I am very unhappy with the service I received I am very frustrated.,complaint,neutral,medium,am very unhappy service received am very frustrated
I want to delete my account and all my data I am very frustrated.,account,neutral,high,want delete account all data am very frustrated
I cannot verify my email address This is urgent.,account,neutral,low,cannot verify email address urgent
My order has not arrived after 2 weeks,shipping,negative,medium,order not arrived after weeks
Can I use the product on multiple devices,product_inquiry,positive,low,can use product multiple devices
The website is showing an error 500 I have been waiting for days.,technical_support,neutral,urgent,website showing error 500 waiting days
The website is showing an error 500 Please help me.,technical_support,neutral,medium,website showing error 500 please help
Do you have a free trial available,product_inquiry,positive,low,free trial available
I can't update my credit card information This is urgent.,billing,neutral,medium,can update credit card information urgent
I am furious about how my case was handled This is urgent.,complaint,negative,medium,am furious how case handled urgent
I need to change my email address Please help me.,account,neutral,low,need change email address please help
I want to cancel my subscription and get a refund I am very frustrated.,billing,negative,high,want cancel subscription get refund am very frustrated
The tracking number is not updating Can someone assist me?,shipping,neutral,high,tracking number not updating can someone assist
I am very unhappy with the service I received I have been waiting for days.,complaint,negative,high,am very unhappy service received waiting days
How long will my order take to arrive This is urgent.,shipping,neutral,medium,how long order take arrive urgent
I was charged twice for my subscription this month,billing,neutral,high,charged twice subscription month
I received the wrong item in my package This is urgent.,shipping,negative,low,received wrong item package urgent
Why was I charged more than I expected Please help me.,billing,neutral,urgent,why charged more than expected please help
Do you have a free trial available Please help me.,product_inquiry,positive,low,free trial available please help
The return window was missed due to shipping delays This is urgent.,returns,negative,medium,return window missed due shipping delays urgent
What are the specifications of your premium plan This is urgent.,product_inquiry,positive,medium,what specifications premium plan urgent
The app crashes every time I open it,technical_support,neutral,urgent,app crashes every time open
I received a defective product and need a replacement Please help me.,returns,negative,low,received defective product need replacement please help
Why was I charged more than I expected Thank you in advance.,billing,negative,high,why charged more than expected thank advance
The tracking number is not updating I have been waiting for days.,shipping,negative,low,tracking number not updating waiting days
The tracking number is not updating Please help me.,shipping,negative,medium,tracking number not updating please help
Is this service available in my country This is urgent.,product_inquiry,positive,low,service available country urgent
How do I initiate a return for a damaged item I have been waiting for days.,returns,negative,low,how initiate return damaged item waiting days
The website is showing an error 500 Thank you in advance.,technical_support,neutral,urgent,website showing error 500 thank advance
Can I expedite my shipping,shipping,negative,high,can expedite shipping
Does this product come with a warranty This is urgent.,product_inquiry,positive,low,product come warranty urgent
I want to cancel my subscription and get a refund Can someone assist me?,billing,neutral,medium,want cancel subscription get refund can someone assist
I want to delete my account and all my data I am very frustrated.,account,neutral,high,want delete account all data am very frustrated
What is the difference between plan A and plan B I have been waiting for days.,product_inquiry,neutral,medium,what difference between plan plan waiting days
Is this service available in my country,product_inquiry,positive,low,service available country
My invoice shows an incorrect amount,billing,negative,high,invoice shows incorrect amount
Can I use the product on multiple devices Can someone assist me?,product_inquiry,positive,medium,can use product multiple devices can someone assist
Your service has gone downhill significantly I am very frustrated.,complaint,neutral,high,service gone downhill significantly am very frustrated
I have been waiting 10 days for a resolution This is urgent.,complaint,negative,medium,waiting 10 days resolution urgent
What are the specifications of your premium plan I am very frustrated.,product_inquiry,positive,medium,what specifications premium plan am very frustrated
Can I use the product on multiple devices Thank you in advance.,product_inquiry,neutral,medium,can use product multiple devices thank advance
Why was I charged more than I expected I am very frustrated.,billing,negative,high,why charged more than expected am very frustrated
My package was marked delivered but I did not receive it I am very frustrated.,shipping,neutral,high,package marked delivered not receive am very frustrated
I need to change my email address Can someone assist me?,account,neutral,low,need change email address can someone assist
I received the wrong item in my package Please help me.,shipping,negative,medium,received wrong item package please help
I think the mobile app needs a dark mode,feedback,positive,low,think mobile app needs dark mode
I am getting a server error when I try to submit I am very frustrated.,technical_support,neutral,high,am getting server error when try submit am very frustrated
Why was I charged more than I expected Can someone assist me?,billing,negative,urgent,why charged more than expected can someone assist
I want to return a product I bought last week Can someone assist me?,returns,neutral,low,want return product bought last week can someone assist
I want to exchange my item for a different size I have been waiting for days.,returns,negative,medium,want exchange item different size waiting days
My invoice shows an incorrect amount I have been waiting for days.,billing,neutral,high,invoice shows incorrect amount waiting days
I need to merge two accounts,account,neutral,low,need merge two accounts
I received the wrong item in my package I have been waiting for days.,shipping,negative,high,received wrong item package waiting days
How long will my order take to arrive,shipping,negative,low,how long order take arrive
I can't update my credit card information This is urgent.,billing,neutral,medium,can update credit card information urgent
I am furious about how my case was handled Please help me.,complaint,negative,urgent,am furious how case handled please help
I want to exchange my item for a different size Thank you in advance.,returns,negative,low,want exchange item different size thank advance
My package was marked delivered but I did not receive it Thank you in advance.,shipping,negative,medium,package marked delivered not receive thank advance
I want to delete my account and all my data Please help me.,account,neutral,low,want delete account all data please help
What are the specifications of your premium plan Can someone assist me?,product_inquiry,neutral,low,what specifications premium plan can someone assist
The feature is not working as expected I am very frustrated.,technical_support,neutral,medium,feature not working as expected am very frustrated
My account was hacked and I need help Can someone assist me?,account,neutral,high,account hacked need help can someone assist
My order was returned to sender This is urgent.,shipping,neutral,medium,order returned sender urgent
I have not received my refund after 2 weeks This is urgent.,returns,neutral,low,not received refund after weeks urgent
The return window was missed due to shipping delays Please help me.,returns,neutral,medium,return window missed due shipping delays please help
My payment was declined but money left my account,billing,negative,high,payment declined money left account
I have been waiting 10 days for a resolution Can someone assist me?,complaint,neutral,urgent,waiting 10 days resolution can someone assist
I can't update my credit card information I have been waiting for days.,billing,negative,urgent,can update credit card information waiting days
What features are included in the enterprise tier,product_inquiry,positive,low,what features included enterprise tier
I want to return a product I bought last week Thank you in advance.,returns,negative,low,want return product bought last week thank advance
I forgot my password and cannot reset it I have been waiting for days.,account,neutral,medium,forgot password cannot reset waiting days
The customer support team was incredibly helpful Thank you in advance.,feedback,positive,medium,customer support team incredibly helpful thank advance
I received the wrong item in my package This is urgent.,shipping,negative,low,received wrong item package urgent
I need to merge two accounts,account,neutral,medium,need merge two accounts
The feature is not working as expected I am very frustrated.,technical_support,neutral,urgent,feature not working as expected am very frustrated
I want to delete my account and all my data Please help me.,account,neutral,low,want delete account all data please help
What is the difference between plan A and plan B This is urgent.,product_inquiry,positive,low,what difference between plan plan urgent
My account was hacked and I need help,account,neutral,high,account hacked need help
I need to change my email address I have been waiting for days.,account,neutral,low,need change email address waiting days
Would love to see monthly billing as an option This is urgent.,feedback,positive,low,love see monthly billing as option urgent
My return was rejected but the item was faulty This is urgent.,returns,negative,low,return rejected item faulty urgent
My package was marked delivered but I did not receive it I have been waiting for days.,shipping,negative,medium,package marked delivered not receive waiting days
The mobile app is very slow and keeps freezing Please help me.,technical_support,neutral,medium,mobile app very slow keeps freezing please help
My order has not arrived after 2 weeks I am very frustrated.,shipping,neutral,low,order not arrived after weeks am very frustrated
I can't update my credit card information Thank you in advance.,billing,negative,medium,can update credit card information thank advance
I am getting a server error when I try to submit Please help me.,technical_support,neutral,urgent,am getting server error when try submit please help
I was charged twice for my subscription this month Please help me.,billing,negative,high,charged twice subscription month please help
Does this product come with a warranty Please help me.,product_inquiry,neutral,low,product come warranty please help
I want to return a product I bought last week This is urgent.,returns,negative,medium,want return product bought last week urgent
How does the cancellation policy work Please help me.,product_inquiry,positive,low,how cancellation policy work please help
I want to return a product I bought last week I have been waiting for days.,returns,negative,low,want return product bought last week waiting days
I have a suggestion for improving the checkout process Can someone assist me?,feedback,positive,low,suggestion improving checkout process can someone assist
My order was returned to sender Please help me.,shipping,negative,high,order returned sender please help
My account was hacked and I need help I am very frustrated.,account,neutral,low,account hacked need help am very frustrated
Why was I charged more than I expected Can someone assist me?,billing,negative,high,why charged more than expected can someone assist
This is the third time I have had this problem Please help me.,complaint,negative,high,third time problem please help
Can I use the product on multiple devices I am very frustrated.,product_inquiry,positive,low,can use product multiple devices am very frustrated
What is the difference between plan A and plan B Can someone assist me?,product_inquiry,neutral,low,what difference between plan plan can someone assist
Overall great experience but the loading is a bit slow I have been waiting for days.,feedback,positive,low,overall great experience loading bit slow waiting days
I forgot my password and cannot reset it,account,neutral,medium,forgot password cannot reset
My return was rejected but the item was faulty Please help me.,returns,neutral,medium,return rejected item faulty please help
I am considering switching to a competitor Thank you in advance.,complaint,negative,high,am considering switching competitor thank advance
This is the third time I have had this problem,complaint,neutral,medium,third time problem
How does the cancellation policy work I have been waiting for days.,product_inquiry,positive,medium,how cancellation policy work waiting days
I am very unhappy with the service I received Thank you in advance.,complaint,neutral,high,am very unhappy service received thank advance
What are the specifications of your premium plan,product_inquiry,positive,low,what specifications premium plan
I need to merge two accounts Can someone assist me?,account,neutral,high,need merge two accounts can someone assist
I love the new interface you released this week Can someone assist me?,feedback,positive,medium,love new interface released week can someone assist
I received the wrong item in my package Please help me.,shipping,negative,low,received wrong item package please help
The tracking number is not updating Please help me.,shipping,negative,high,tracking number not updating please help
Is this service available in my country Please help me.,product_inquiry,positive,medium,service available country please help
I want to return a product I bought last week Thank you in advance.,returns,negative,low,want return product bought last week thank advance
Your platform is one of the best I have used Please help me.,feedback,positive,medium,platform one best used please help
Is this service available in my country Please help me.,product_inquiry,positive,low,service available country please help
The tracking number is not updating I am very frustrated.,shipping,negative,high,tracking number not updating am very frustrated
Can I expedite my shipping I am very frustrated.,shipping,neutral,medium,can expedite shipping am very frustrated
I am very unhappy with the service I received,complaint,negative,medium,am very unhappy service received
I was charged twice for my subscription this month Please help me.,billing,negative,urgent,charged twice subscription month please help
Please help me update my profile information I am very frustrated.,account,neutral,medium,please help update profile information am very frustrated
Please help me update my profile information Can someone assist me?,account,neutral,high,please help update profile information can someone assist
Overall great experience but the loading is a bit slow I have been waiting for days.,feedback,neutral,low,overall great experience loading bit slow waiting days
I was charged twice for my subscription this month,billing,neutral,high,charged twice subscription month
The customer support team was incredibly helpful I am very frustrated.,feedback,positive,low,customer support team incredibly helpful am very frustrated
My payment was declined but money left my account I am very frustrated.,billing,neutral,urgent,payment declined money left account am very frustrated
I want to delete my account and all my data,account,neutral,high,want delete account all data
